{"is_source_file": false, "format": "", "description": "", "external_files": [], "external_methods": [], "published": [], "classes": [], "methods": [], "calls": [], "search-terms": [], "state": 2, "file_id": 1, "knowledge_revision": 36, "git_revision": "d1b0ab206b74a451a6aef7a62b6a6bc13dd1c234", "hash": "06fa2776c8b1e9fa6e55e6d22e385e0f", "format-version": 4, "code-base-name": "shopping_app_backend", "filename": "README.md", "revision_history": [{"36": "d1b0ab206b74a451a6aef7a62b6a6bc13dd1c234"}]}