{"is_source_file": false, "format": "", "description": "", "external_files": [], "external_methods": [], "published": [], "classes": [], "methods": [], "calls": [], "search-terms": [], "state": 2, "file_id": 1, "knowledge_revision": 6, "git_revision": "0950dc354729c12fafe856b073d74cf5c7138344", "hash": "582a890f1bf7e18e8f9c6513646734ef", "format-version": 4, "code-base-name": "shopping_app_backend", "filename": "README.md", "revision_history": [{"6": "0950dc354729c12fafe856b073d74cf5c7138344"}]}