{"is_source_file": true, "format": "Python", "description": "This source file provides service functions for a shopping platform backend, including user registration and login, product listing, cart management, order processing, and related database interactions.", "external_files": ["src.api.core.security", "src.api.db.models"], "external_methods": ["create_access_token", "hash_password", "verify_password"], "published": ["register_user", "login_user", "list_products", "get_product", "get_cart", "upsert_cart_item", "remove_cart_item", "clear_cart", "checkout", "list_orders", "get_order"], "classes": [], "methods": [{"name": "Decimal _money(value: Decimal)", "description": "Normalizes a Decimal value to two decimal places for consistent monetary representation.", "scope": "", "scopeKind": ""}, {"name": "Cart _get_or_create_active_cart(db: Session, user_id: int)", "description": "Retrieves the active cart for a user or creates a new one if none exists.", "scope": "", "scopeKind": ""}, {"name": "Order checkout(db: Session, *, user_id: int)", "scope": "", "scopeKind": "", "description": "unavailable"}, {"name": "Cart clear_cart(db: Session, *, user_id: int)", "scope": "", "scopeKind": "", "description": "unavailable"}, {"name": "Cart get_cart(db: Session, *, user_id: int)", "scope": "", "scopeKind": "", "description": "unavailable"}, {"name": "Order get_order(db: Session, *, user_id: int, order_id: int)", "scope": "", "scopeKind": "", "description": "unavailable"}, {"name": "Product get_product(db: Session, product_id: int)", "scope": "", "scopeKind": "", "description": "unavailable"}, {"name": "list[Order] list_orders(db: Session, *, user_id: int)", "scope": "", "scopeKind": "", "description": "unavailable"}, {"name": "list[Product] list_products(db: Session)", "scope": "", "scopeKind": "", "description": "unavailable"}, {"name": "tuple[User,str] login_user(db: Session, *, email: str, password: str)", "scope": "", "scopeKind": "", "description": "unavailable"}, {"name": "tuple[User,str] register_user(db: Session, *, email: str, password: str, full_name: str | None)", "scope": "", "scopeKind": "", "description": "unavailable"}, {"name": "Cart remove_cart_item(db: Session, *, user_id: int, cart_item_id: int)", "scope": "", "scopeKind": "", "description": "unavailable"}, {"name": "Cart upsert_cart_item(db: Session, *, user_id: int, product_id: int, quantity: int)", "scope": "", "scopeKind": "", "description": "unavailable"}], "calls": ["select", "db.execute", "db.get", "db.add", "db.commit", "db.refresh", "db.delete", "db.query", "db.flush"], "search-terms": ["ShoppingCart", "OrderProcessing", "UserAuthentication", "ProductListing", "CartManagement", "OrderFinalization", "API Service Functions"], "state": 2, "file_id": 11, "knowledge_revision": 28, "git_revision": "2a88f786d2f75b6839b7f0e1bff94eea68e2274f", "ctags": [{"_type": "tag", "name": "_get_or_create_active_cart", "path": "/home/kavia/workspace/code-generation/unified-shopping-platform-313242-313251/shopping_app_backend/src/api/services.py", "pattern": "/^def _get_or_create_active_cart(db: Session, user_id: int) -> Cart:$/", "language": "Python", "typeref": "typename:Cart", "kind": "function", "signature": "(db: Session, user_id: int)"}, {"_type": "tag", "name": "_money", "path": "/home/kavia/workspace/code-generation/unified-shopping-platform-313242-313251/shopping_app_backend/src/api/services.py", "pattern": "/^def _money(value: Decimal) -> Decimal:$/", "language": "Python", "typeref": "typename:Decimal", "kind": "function", "signature": "(value: Decimal)"}, {"_type": "tag", "name": "checkout", "path": "/home/kavia/workspace/code-generation/unified-shopping-platform-313242-313251/shopping_app_backend/src/api/services.py", "pattern": "/^def checkout(db: Session, *, user_id: int) -> Order:$/", "language": "Python", "typeref": "typename:Order", "kind": "function", "signature": "(db: Session, *, user_id: int)"}, {"_type": "tag", "name": "clear_cart", "path": "/home/kavia/workspace/code-generation/unified-shopping-platform-313242-313251/shopping_app_backend/src/api/services.py", "pattern": "/^def clear_cart(db: Session, *, user_id: int) -> Cart:$/", "language": "Python", "typeref": "typename:Cart", "kind": "function", "signature": "(db: Session, *, user_id: int)"}, {"_type": "tag", "name": "get_cart", "path": "/home/kavia/workspace/code-generation/unified-shopping-platform-313242-313251/shopping_app_backend/src/api/services.py", "pattern": "/^def get_cart(db: Session, *, user_id: int) -> Cart:$/", "language": "Python", "typeref": "typename:Cart", "kind": "function", "signature": "(db: Session, *, user_id: int)"}, {"_type": "tag", "name": "get_order", "path": "/home/kavia/workspace/code-generation/unified-shopping-platform-313242-313251/shopping_app_backend/src/api/services.py", "pattern": "/^def get_order(db: Session, *, user_id: int, order_id: int) -> Order:$/", "language": "Python", "typeref": "typename:Order", "kind": "function", "signature": "(db: Session, *, user_id: int, order_id: int)"}, {"_type": "tag", "name": "get_product", "path": "/home/kavia/workspace/code-generation/unified-shopping-platform-313242-313251/shopping_app_backend/src/api/services.py", "pattern": "/^def get_product(db: Session, product_id: int) -> Product:$/", "language": "Python", "typeref": "typename:Product", "kind": "function", "signature": "(db: Session, product_id: int)"}, {"_type": "tag", "name": "list_orders", "path": "/home/kavia/workspace/code-generation/unified-shopping-platform-313242-313251/shopping_app_backend/src/api/services.py", "pattern": "/^def list_orders(db: Session, *, user_id: int) -> list[Order]:$/", "language": "Python", "typeref": "typename:list[Order]", "kind": "function", "signature": "(db: Session, *, user_id: int)"}, {"_type": "tag", "name": "list_products", "path": "/home/kavia/workspace/code-generation/unified-shopping-platform-313242-313251/shopping_app_backend/src/api/services.py", "pattern": "/^def list_products(db: Session) -> list[Product]:$/", "language": "Python", "typeref": "typename:list[Product]", "kind": "function", "signature": "(db: Session)"}, {"_type": "tag", "name": "login_user", "path": "/home/kavia/workspace/code-generation/unified-shopping-platform-313242-313251/shopping_app_backend/src/api/services.py", "pattern": "/^def login_user(db: Session, *, email: str, password: str) -> tuple[User, str]:$/", "language": "Python", "typeref": "typename:tuple[User,str]", "kind": "function", "signature": "(db: Session, *, email: str, password: str)"}, {"_type": "tag", "name": "register_user", "path": "/home/kavia/workspace/code-generation/unified-shopping-platform-313242-313251/shopping_app_backend/src/api/services.py", "pattern": "/^def register_user(db: Session, *, email: str, password: str, full_name: str | None) -> tuple[Use/", "language": "Python", "typeref": "typename:tuple[User,str]", "kind": "function", "signature": "(db: Session, *, email: str, password: str, full_name: str | None)"}, {"_type": "tag", "name": "remove_cart_item", "path": "/home/kavia/workspace/code-generation/unified-shopping-platform-313242-313251/shopping_app_backend/src/api/services.py", "pattern": "/^def remove_cart_item(db: Session, *, user_id: int, cart_item_id: int) -> Cart:$/", "language": "Python", "typeref": "typename:Cart", "kind": "function", "signature": "(db: Session, *, user_id: int, cart_item_id: int)"}, {"_type": "tag", "name": "upsert_cart_item", "path": "/home/kavia/workspace/code-generation/unified-shopping-platform-313242-313251/shopping_app_backend/src/api/services.py", "pattern": "/^def upsert_cart_item(db: Session, *, user_id: int, product_id: int, quantity: int) -> Cart:$/", "language": "Python", "typeref": "typename:Cart", "kind": "function", "signature": "(db: Session, *, user_id: int, product_id: int, quantity: int)"}], "hash": "5f5b183cb15864944946296f64d56182", "format-version": 4, "code-base-name": "shopping_app_backend", "filename": "shopping_app_backend/src/api/services.py", "revision_history": [{"28": "2a88f786d2f75b6839b7f0e1bff94eea68e2274f"}]}