{"is_source_file": true, "format": "Python", "description": "This is a main application entry point for a FastAPI-based backend API of a shopping platform. It sets up the FastAPI app, configures CORS middleware, defines some openapi tags for documentation, and includes routers for auth, products, cart, and orders features.", "external_files": ["src/api/core/config.py", "src/api/routers/auth_router", "src/api/routers/cart_router", "src/api/routers/orders_router", "src/api/routers/products_router"], "external_methods": ["get_settings"], "published": ["app"], "classes": [], "methods": [{"name": "health_check()", "description": "Health check endpoint returning a simple message indicating the service health.", "scope": "", "scopeKind": ""}], "calls": ["fastapi.FastAPI", "fastapi.middleware.cors.CORSMiddleware", "src.api.core.config.get_settings", "app.add_middleware", "app.include_router"], "search-terms": ["FastAPI", "CORS middleware", "routers", "health check", "main.py", "backend API"], "state": 2, "file_id": 4, "knowledge_revision": 23, "git_revision": "2a88f786d2f75b6839b7f0e1bff94eea68e2274f", "revision_history": [{"9": "e133226d6c2faa03343ce5de2b7a5821864c9d8e"}, {"23": "2a88f786d2f75b6839b7f0e1bff94eea68e2274f"}], "ctags": [{"_type": "tag", "name": "app", "path": "/home/kavia/workspace/code-generation/unified-shopping-platform-313242-313251/shopping_app_backend/src/api/main.py", "pattern": "/^app = FastAPI($/", "language": "Python", "kind": "variable"}, {"_type": "tag", "name": "health_check", "path": "/home/kavia/workspace/code-generation/unified-shopping-platform-313242-313251/shopping_app_backend/src/api/main.py", "pattern": "/^def health_check():$/", "language": "Python", "kind": "function", "signature": "()"}, {"_type": "tag", "name": "openapi_tags", "path": "/home/kavia/workspace/code-generation/unified-shopping-platform-313242-313251/shopping_app_backend/src/api/main.py", "pattern": "/^openapi_tags = [$/", "language": "Python", "kind": "variable"}, {"_type": "tag", "name": "settings", "path": "/home/kavia/workspace/code-generation/unified-shopping-platform-313242-313251/shopping_app_backend/src/api/main.py", "pattern": "/^settings = get_settings()$/", "language": "Python", "kind": "variable"}], "hash": "fac4e2f5e8251ff631cbbbc48127619d", "format-version": 4, "code-base-name": "shopping_app_backend", "filename": "shopping_app_backend/src/api/main.py", "fields": [{"name": "app = FastAPI(", "scope": "", "scopeKind": "", "description": "unavailable"}, {"name": "openapi_tags = [", "scope": "", "scopeKind": "", "description": "unavailable"}, {"name": "settings = get_settings()", "scope": "", "scopeKind": "", "description": "unavailable"}]}