{"is_source_file": true, "file_id": 6, "git_revision": "", "state": 1, "description": "", "external_files": [], "external_methods": [], "published": [], "classes": [], "methods": [], "calls": [], "search-terms": [], "ctags": [{"_type": "tag", "name": "SessionLocal", "path": "/home/kavia/workspace/code-generation/unified-shopping-platform-313242-313251/shopping_app_backend/src/api/db/session.py", "pattern": "/^SessionLocal = sessionmaker(bind=engine, autoflush=False, autocommit=False)$/", "language": "Python", "kind": "variable"}, {"_type": "tag", "name": "engine", "path": "/home/kavia/workspace/code-generation/unified-shopping-platform-313242-313251/shopping_app_backend/src/api/db/session.py", "pattern": "/^engine = create_engine(settings.database_url, pool_pre_ping=True)$/", "language": "Python", "kind": "variable"}, {"_type": "tag", "name": "get_db", "path": "/home/kavia/workspace/code-generation/unified-shopping-platform-313242-313251/shopping_app_backend/src/api/db/session.py", "pattern": "/^def get_db():$/", "language": "Python", "kind": "function", "signature": "()"}, {"_type": "tag", "name": "settings", "path": "/home/kavia/workspace/code-generation/unified-shopping-platform-313242-313251/shopping_app_backend/src/api/db/session.py", "pattern": "/^settings = get_settings()$/", "language": "Python", "kind": "variable"}], "format": "Python", "hash": "528d8225e15c232a1d5ab2ae3b81c274", "format-version": 4, "code-base-name": "shopping_app_backend", "filename": "shopping_app_backend/src/api/db/session.py", "knowledge_revision": 11}