{"is_source_file": true, "file_id": 10, "git_revision": "", "state": 1, "description": "", "external_files": [], "external_methods": [], "published": [], "classes": [], "methods": [], "calls": [], "search-terms": [], "ctags": [{"_type": "tag", "name": "bearer_scheme", "path": "/home/kavia/workspace/code-generation/unified-shopping-platform-313242-313251/shopping_app_backend/src/api/deps.py", "pattern": "/^bearer_scheme = HTTPBearer(auto_error=False)$/", "language": "Python", "kind": "variable"}, {"_type": "tag", "name": "get_current_user", "path": "/home/kavia/workspace/code-generation/unified-shopping-platform-313242-313251/shopping_app_backend/src/api/deps.py", "pattern": "/^def get_current_user($/", "language": "Python", "typeref": "typename:User", "kind": "function", "signature": "( creds: HTTPAuthorizationCredentials = Depends(bearer_scheme), db: Session = Depends(get_db), )"}], "format": "Python", "hash": "4dbcffbc794713917acf5e21529797da", "format-version": 4, "code-base-name": "shopping_app_backend", "filename": "shopping_app_backend/src/api/deps.py", "knowledge_revision": 15}