{"is_source_file": true, "format": "Python", "description": "This file defines various Pydantic models representing the schemas for API requests and responses in a shopping platform backend. These include request models for authentication, product information, cart management, and checkout, as well as response models for user data, products, cart contents, and orders.", "external_files": ["pydantic", "datetime", "decimal", "typing"], "external_methods": [], "published": ["Message", "RegisterRequest", "LoginRequest", "TokenResponse", "UserResponse", "ProductResponse", "CartItemUpsertRequest", "CartItemResponse", "CartResponse", "CheckoutRequest", "OrderItemResponse", "OrderResponse", "OrdersListResponse"], "classes": [{"name": "Message", "description": "A simple schema for returning human-readable messages."}, {"name": "RegisterRequest", "description": "Schema for user registration request, including email, password, and optional full name."}, {"name": "LoginRequest", "description": "Schema for user login request, requiring email and password."}, {"name": "TokenResponse", "description": "Schema for returning authentication tokens, including access token and token type."}, {"name": "UserResponse", "description": "Schema for returning user information, including id, email, and optional full name."}, {"name": "ProductResponse", "description": "Schema for product details returned in responses, including name, description, price, currency, images, status, and timestamps."}, {"name": "CartItemUpsertRequest", "description": "Schema for adding or updating items in the shopping cart, specifying product ID and quantity."}, {"name": "CartItemResponse", "description": "Schema for representing a cart item with product snapshot, quantity, and unit price."}, {"name": "CartResponse", "description": "Schema for the entire shopping cart, including list of items, subtotal, and status."}, {"name": "CheckoutRequest", "description": "Schema for checkout operation, optionally including an idempotency key."}, {"name": "OrderItemResponse", "description": "Schema for items within an order, including product, quantity, unit price, and line total."}, {"name": "OrderResponse", "description": "Schema representing an entire order, including total amount, status, timestamps, and items."}, {"name": "OrdersListResponse", "description": "Schema for listing multiple past orders."}], "methods": [], "calls": [], "search-terms": ["Pydantic models", "shopping cart schemas", "API request/response models", "order schema", "auth request schema", "product data schema"], "state": 2, "file_id": 9, "knowledge_revision": 26, "git_revision": "2a88f786d2f75b6839b7f0e1bff94eea68e2274f", "ctags": [{"_type": "tag", "name": "CartItemResponse", "path": "/home/kavia/workspace/code-generation/unified-shopping-platform-313242-313251/shopping_app_backend/src/api/schemas.py", "pattern": "/^class CartItemResponse(BaseModel):$/", "language": "Python", "kind": "class"}, {"_type": "tag", "name": "CartItemUpsertRequest", "path": "/home/kavia/workspace/code-generation/unified-shopping-platform-313242-313251/shopping_app_backend/src/api/schemas.py", "pattern": "/^class CartItemUpsertRequest(BaseModel):$/", "language": "Python", "kind": "class"}, {"_type": "tag", "name": "CartResponse", "path": "/home/kavia/workspace/code-generation/unified-shopping-platform-313242-313251/shopping_app_backend/src/api/schemas.py", "pattern": "/^class CartResponse(BaseModel):$/", "language": "Python", "kind": "class"}, {"_type": "tag", "name": "CheckoutRequest", "path": "/home/kavia/workspace/code-generation/unified-shopping-platform-313242-313251/shopping_app_backend/src/api/schemas.py", "pattern": "/^class CheckoutRequest(BaseModel):$/", "language": "Python", "kind": "class"}, {"_type": "tag", "name": "LoginRequest", "path": "/home/kavia/workspace/code-generation/unified-shopping-platform-313242-313251/shopping_app_backend/src/api/schemas.py", "pattern": "/^class LoginRequest(BaseModel):$/", "language": "Python", "kind": "class"}, {"_type": "tag", "name": "Message", "path": "/home/kavia/workspace/code-generation/unified-shopping-platform-313242-313251/shopping_app_backend/src/api/schemas.py", "pattern": "/^class Message(BaseModel):$/", "language": "Python", "kind": "class"}, {"_type": "tag", "name": "OrderItemResponse", "path": "/home/kavia/workspace/code-generation/unified-shopping-platform-313242-313251/shopping_app_backend/src/api/schemas.py", "pattern": "/^class OrderItemResponse(BaseModel):$/", "language": "Python", "kind": "class"}, {"_type": "tag", "name": "OrderResponse", "path": "/home/kavia/workspace/code-generation/unified-shopping-platform-313242-313251/shopping_app_backend/src/api/schemas.py", "pattern": "/^class OrderResponse(BaseModel):$/", "language": "Python", "kind": "class"}, {"_type": "tag", "name": "OrdersListResponse", "path": "/home/kavia/workspace/code-generation/unified-shopping-platform-313242-313251/shopping_app_backend/src/api/schemas.py", "pattern": "/^class OrdersListResponse(BaseModel):$/", "language": "Python", "kind": "class"}, {"_type": "tag", "name": "ProductResponse", "path": "/home/kavia/workspace/code-generation/unified-shopping-platform-313242-313251/shopping_app_backend/src/api/schemas.py", "pattern": "/^class ProductResponse(BaseModel):$/", "language": "Python", "kind": "class"}, {"_type": "tag", "name": "RegisterRequest", "path": "/home/kavia/workspace/code-generation/unified-shopping-platform-313242-313251/shopping_app_backend/src/api/schemas.py", "pattern": "/^class RegisterRequest(BaseModel):$/", "language": "Python", "kind": "class"}, {"_type": "tag", "name": "TokenResponse", "path": "/home/kavia/workspace/code-generation/unified-shopping-platform-313242-313251/shopping_app_backend/src/api/schemas.py", "pattern": "/^class TokenResponse(BaseModel):$/", "language": "Python", "kind": "class"}, {"_type": "tag", "name": "UserResponse", "path": "/home/kavia/workspace/code-generation/unified-shopping-platform-313242-313251/shopping_app_backend/src/api/schemas.py", "pattern": "/^class UserResponse(BaseModel):$/", "language": "Python", "kind": "class"}, {"_type": "tag", "name": "access_token", "path": "/home/kavia/workspace/code-generation/unified-shopping-platform-313242-313251/shopping_app_backend/src/api/schemas.py", "pattern": "/^    access_token: str = Field(..., description=\"JWT access token.\")$/", "language": "Python", "typeref": "typename:str", "kind": "variable", "scope": "TokenResponse", "scopeKind": "class"}, {"_type": "tag", "name": "created_at", "path": "/home/kavia/workspace/code-generation/unified-shopping-platform-313242-313251/shopping_app_backend/src/api/schemas.py", "pattern": "/^    created_at: datetime = Field(..., description=\"Created timestamp.\")$/", "language": "Python", "typeref": "typename:datetime", "kind": "variable", "scope": "OrderResponse", "scopeKind": "class"}, {"_type": "tag", "name": "created_at", "path": "/home/kavia/workspace/code-generation/unified-shopping-platform-313242-313251/shopping_app_backend/src/api/schemas.py", "pattern": "/^    created_at: datetime = Field(..., description=\"Created timestamp.\")$/", "language": "Python", "typeref": "typename:datetime", "kind": "variable", "scope": "ProductResponse", "scopeKind": "class"}, {"_type": "tag", "name": "currency", "path": "/home/kavia/workspace/code-generation/unified-shopping-platform-313242-313251/shopping_app_backend/src/api/schemas.py", "pattern": "/^    currency: str = Field(..., description=\"Currency (ISO 4217).\")$/", "language": "Python", "typeref": "typename:str", "kind": "variable", "scope": "ProductResponse", "scopeKind": "class"}, {"_type": "tag", "name": "currency", "path": "/home/kavia/workspace/code-generation/unified-shopping-platform-313242-313251/shopping_app_backend/src/api/schemas.py", "pattern": "/^    currency: str = Field(..., description=\"Currency.\")$/", "language": "Python", "typeref": "typename:str", "kind": "variable", "scope": "OrderResponse", "scopeKind": "class"}, {"_type": "tag", "name": "description", "path": "/home/kavia/workspace/code-generation/unified-shopping-platform-313242-313251/shopping_app_backend/src/api/schemas.py", "pattern": "/^    description: Optional[str] = Field(None, description=\"Product description.\")$/", "language": "Python", "typeref": "typename:Optional[str]", "kind": "variable", "scope": "ProductResponse", "scopeKind": "class"}, {"_type": "tag", "name": "email", "path": "/home/kavia/workspace/code-generation/unified-shopping-platform-313242-313251/shopping_app_backend/src/api/schemas.py", "pattern": "/^    email: EmailStr = Field(..., description=\"User email address.\")$/", "language": "Python", "typeref": "typename:EmailStr", "kind": "variable", "scope": "LoginRequest", "scopeKind": "class"}, {"_type": "tag", "name": "email", "path": "/home/kavia/workspace/code-generation/unified-shopping-platform-313242-313251/shopping_app_backend/src/api/schemas.py", "pattern": "/^    email: EmailStr = Field(..., description=\"User email address.\")$/", "language": "Python", "typeref": "typename:EmailStr", "kind": "variable", "scope": "RegisterRequest", "scopeKind": "class"}, {"_type": "tag", "name": "email", "path": "/home/kavia/workspace/code-generation/unified-shopping-platform-313242-313251/shopping_app_backend/src/api/schemas.py", "pattern": "/^    email: EmailStr = Field(..., description=\"User email.\")$/", "language": "Python", "typeref": "typename:EmailStr", "kind": "variable", "scope": "UserResponse", "scopeKind": "class"}, {"_type": "tag", "name": "full_name", "path": "/home/kavia/workspace/code-generation/unified-shopping-platform-313242-313251/shopping_app_backend/src/api/schemas.py", "pattern": "/^    full_name: Optional[str] = Field(None, description=\"Optional user full name.\")$/", "language": "Python", "typeref": "typename:Optional[str]", "kind": "variable", "scope": "RegisterRequest", "scopeKind": "class"}, {"_type": "tag", "name": "full_name", "path": "/home/kavia/workspace/code-generation/unified-shopping-platform-313242-313251/shopping_app_backend/src/api/schemas.py", "pattern": "/^    full_name: Optional[str] = Field(None, description=\"User full name.\")$/", "language": "Python", "typeref": "typename:Optional[str]", "kind": "variable", "scope": "UserResponse", "scopeKind": "class"}, {"_type": "tag", "name": "id", "path": "/home/kavia/workspace/code-generation/unified-shopping-platform-313242-313251/shopping_app_backend/src/api/schemas.py", "pattern": "/^    id: int = Field(..., description=\"Cart id.\")$/", "language": "Python", "typeref": "typename:int", "kind": "variable", "scope": "CartResponse", "scopeKind": "class"}, {"_type": "tag", "name": "id", "path": "/home/kavia/workspace/code-generation/unified-shopping-platform-313242-313251/shopping_app_backend/src/api/schemas.py", "pattern": "/^    id: int = Field(..., description=\"Cart item id.\")$/", "language": "Python", "typeref": "typename:int", "kind": "variable", "scope": "CartItemResponse", "scopeKind": "class"}, {"_type": "tag", "name": "id", "path": "/home/kavia/workspace/code-generation/unified-shopping-platform-313242-313251/shopping_app_backend/src/api/schemas.py", "pattern": "/^    id: int = Field(..., description=\"Order id.\")$/", "language": "Python", "typeref": "typename:int", "kind": "variable", "scope": "OrderResponse", "scopeKind": "class"}, {"_type": "tag", "name": "id", "path": "/home/kavia/workspace/code-generation/unified-shopping-platform-313242-313251/shopping_app_backend/src/api/schemas.py", "pattern": "/^    id: int = Field(..., description=\"Order item id.\")$/", "language": "Python", "typeref": "typename:int", "kind": "variable", "scope": "OrderItemResponse", "scopeKind": "class"}, {"_type": "tag", "name": "id", "path": "/home/kavia/workspace/code-generation/unified-shopping-platform-313242-313251/shopping_app_backend/src/api/schemas.py", "pattern": "/^    id: int = Field(..., description=\"Product id.\")$/", "language": "Python", "typeref": "typename:int", "kind": "variable", "scope": "ProductResponse", "scopeKind": "class"}, {"_type": "tag", "name": "id", "path": "/home/kavia/workspace/code-generation/unified-shopping-platform-313242-313251/shopping_app_backend/src/api/schemas.py", "pattern": "/^    id: int = Field(..., description=\"User id.\")$/", "language": "Python", "typeref": "typename:int", "kind": "variable", "scope": "UserResponse", "scopeKind": "class"}, {"_type": "tag", "name": "idempotency_key", "path": "/home/kavia/workspace/code-generation/unified-shopping-platform-313242-313251/shopping_app_backend/src/api/schemas.py", "pattern": "/^    idempotency_key: Optional[str] = Field(None, description=\"Optional idempotency key.\")$/", "language": "Python", "typeref": "typename:Optional[str]", "kind": "variable", "scope": "CheckoutRequest", "scopeKind": "class"}, {"_type": "tag", "name": "image_url", "path": "/home/kavia/workspace/code-generation/unified-shopping-platform-313242-313251/shopping_app_backend/src/api/schemas.py", "pattern": "/^    image_url: Optional[str] = Field(None, description=\"Optional product image URL.\")$/", "language": "Python", "typeref": "typename:Optional[str]", "kind": "variable", "scope": "ProductResponse", "scopeKind": "class"}, {"_type": "tag", "name": "is_active", "path": "/home/kavia/workspace/code-generation/unified-shopping-platform-313242-313251/shopping_app_backend/src/api/schemas.py", "pattern": "/^    is_active: bool = Field(..., description=\"Whether the product is active.\")$/", "language": "Python", "typeref": "typename:bool", "kind": "variable", "scope": "ProductResponse", "scopeKind": "class"}, {"_type": "tag", "name": "items", "path": "/home/kavia/workspace/code-generation/unified-shopping-platform-313242-313251/shopping_app_backend/src/api/schemas.py", "pattern": "/^    items: List[CartItemResponse] = Field(default_factory=list, description=\"Cart items.\")$/", "language": "Python", "typeref": "typename:List[CartItemResponse]", "kind": "variable", "scope": "CartResponse", "scopeKind": "class"}, {"_type": "tag", "name": "items", "path": "/home/kavia/workspace/code-generation/unified-shopping-platform-313242-313251/shopping_app_backend/src/api/schemas.py", "pattern": "/^    items: List[OrderItemResponse] = Field(default_factory=list, description=\"Order items.\")$/", "language": "Python", "typeref": "typename:List[OrderItemResponse]", "kind": "variable", "scope": "OrderResponse", "scopeKind": "class"}, {"_type": "tag", "name": "line_total", "path": "/home/kavia/workspace/code-generation/unified-shopping-platform-313242-313251/shopping_app_backend/src/api/schemas.py", "pattern": "/^    line_total: Decimal = Field(..., description=\"Line total (quantity * unit_price).\")$/", "language": "Python", "typeref": "typename:Decimal", "kind": "variable", "scope": "OrderItemResponse", "scopeKind": "class"}, {"_type": "tag", "name": "message", "path": "/home/kavia/workspace/code-generation/unified-shopping-platform-313242-313251/shopping_app_backend/src/api/schemas.py", "pattern": "/^    message: str = Field(..., description=\"Human readable message.\")$/", "language": "Python", "typeref": "typename:str", "kind": "variable", "scope": "Message", "scopeKind": "class"}, {"_type": "tag", "name": "name", "path": "/home/kavia/workspace/code-generation/unified-shopping-platform-313242-313251/shopping_app_backend/src/api/schemas.py", "pattern": "/^    name: str = Field(..., description=\"Product name.\")$/", "language": "Python", "typeref": "typename:str", "kind": "variable", "scope": "ProductResponse", "scopeKind": "class"}, {"_type": "tag", "name": "orders", "path": "/home/kavia/workspace/code-generation/unified-shopping-platform-313242-313251/shopping_app_backend/src/api/schemas.py", "pattern": "/^    orders: List[OrderResponse] = Field(..., description=\"List of orders.\")$/", "language": "Python", "typeref": "typename:List[OrderResponse]", "kind": "variable", "scope": "OrdersListResponse", "scopeKind": "class"}, {"_type": "tag", "name": "password", "path": "/home/kavia/workspace/code-generation/unified-shopping-platform-313242-313251/shopping_app_backend/src/api/schemas.py", "pattern": "/^    password: constr(min_length=8) = Field(..., description=\"User password (min 8 chars).\")$/", "language": "Python", "typeref": "typename:constr(min_length=8)", "kind": "variable", "scope": "RegisterRequest", "scopeKind": "class"}, {"_type": "tag", "name": "password", "path": "/home/kavia/workspace/code-generation/unified-shopping-platform-313242-313251/shopping_app_backend/src/api/schemas.py", "pattern": "/^    password: str = Field(..., description=\"User password.\")$/", "language": "Python", "typeref": "typename:str", "kind": "variable", "scope": "LoginRequest", "scopeKind": "class"}, {"_type": "tag", "name": "price", "path": "/home/kavia/workspace/code-generation/unified-shopping-platform-313242-313251/shopping_app_backend/src/api/schemas.py", "pattern": "/^    price: Decimal = Field(..., description=\"Unit price.\")$/", "language": "Python", "typeref": "typename:Decimal", "kind": "variable", "scope": "ProductResponse", "scopeKind": "class"}, {"_type": "tag", "name": "product", "path": "/home/kavia/workspace/code-generation/unified-shopping-platform-313242-313251/shopping_app_backend/src/api/schemas.py", "pattern": "/^    product: ProductResponse = Field(..., description=\"Product snapshot.\")$/", "language": "Python", "typeref": "typename:ProductResponse", "kind": "variable", "scope": "CartItemResponse", "scopeKind": "class"}, {"_type": "tag", "name": "product", "path": "/home/kavia/workspace/code-generation/unified-shopping-platform-313242-313251/shopping_app_backend/src/api/schemas.py", "pattern": "/^    product: ProductResponse = Field(..., description=\"Purchased product.\")$/", "language": "Python", "typeref": "typename:ProductResponse", "kind": "variable", "scope": "OrderItemResponse", "scopeKind": "class"}, {"_type": "tag", "name": "product_id", "path": "/home/kavia/workspace/code-generation/unified-shopping-platform-313242-313251/shopping_app_backend/src/api/schemas.py", "pattern": "/^    product_id: int = Field(..., description=\"Product id to add\\/update in cart.\")$/", "language": "Python", "typeref": "typename:int", "kind": "variable", "scope": "CartItemUpsertRequest", "scopeKind": "class"}, {"_type": "tag", "name": "quantity", "path": "/home/kavia/workspace/code-generation/unified-shopping-platform-313242-313251/shopping_app_backend/src/api/schemas.py", "pattern": "/^    quantity: conint(gt=0) = Field(..., description=\"Quantity (> 0).\")$/", "language": "Python", "typeref": "typename:conint(gt=0)", "kind": "variable", "scope": "CartItemUpsertRequest", "scopeKind": "class"}, {"_type": "tag", "name": "quantity", "path": "/home/kavia/workspace/code-generation/unified-shopping-platform-313242-313251/shopping_app_backend/src/api/schemas.py", "pattern": "/^    quantity: int = Field(..., description=\"Quantity purchased.\")$/", "language": "Python", "typeref": "typename:int", "kind": "variable", "scope": "OrderItemResponse", "scopeKind": "class"}, {"_type": "tag", "name": "quantity", "path": "/home/kavia/workspace/code-generation/unified-shopping-platform-313242-313251/shopping_app_backend/src/api/schemas.py", "pattern": "/^    quantity: int = Field(..., description=\"Quantity.\")$/", "language": "Python", "typeref": "typename:int", "kind": "variable", "scope": "CartItemResponse", "scopeKind": "class"}, {"_type": "tag", "name": "status", "path": "/home/kavia/workspace/code-generation/unified-shopping-platform-313242-313251/shopping_app_backend/src/api/schemas.py", "pattern": "/^    status: str = Field(..., description=\"Cart status, usually 'active'.\")$/", "language": "Python", "typeref": "typename:str", "kind": "variable", "scope": "CartResponse", "scopeKind": "class"}, {"_type": "tag", "name": "status", "path": "/home/kavia/workspace/code-generation/unified-shopping-platform-313242-313251/shopping_app_backend/src/api/schemas.py", "pattern": "/^    status: str = Field(..., description=\"Order status.\")$/", "language": "Python", "typeref": "typename:str", "kind": "variable", "scope": "OrderResponse", "scopeKind": "class"}, {"_type": "tag", "name": "subtotal", "path": "/home/kavia/workspace/code-generation/unified-shopping-platform-313242-313251/shopping_app_backend/src/api/schemas.py", "pattern": "/^    subtotal: Decimal = Field(..., description=\"Subtotal across items.\")$/", "language": "Python", "typeref": "typename:Decimal", "kind": "variable", "scope": "CartResponse", "scopeKind": "class"}, {"_type": "tag", "name": "token_type", "path": "/home/kavia/workspace/code-generation/unified-shopping-platform-313242-313251/shopping_app_backend/src/api/schemas.py", "pattern": "/^    token_type: str = Field(\"bearer\", description=\"Token type.\")$/", "language": "Python", "typeref": "typename:str", "kind": "variable", "scope": "TokenResponse", "scopeKind": "class"}, {"_type": "tag", "name": "total_amount", "path": "/home/kavia/workspace/code-generation/unified-shopping-platform-313242-313251/shopping_app_backend/src/api/schemas.py", "pattern": "/^    total_amount: Decimal = Field(..., description=\"Total order amount.\")$/", "language": "Python", "typeref": "typename:Decimal", "kind": "variable", "scope": "OrderResponse", "scopeKind": "class"}, {"_type": "tag", "name": "unit_price", "path": "/home/kavia/workspace/code-generation/unified-shopping-platform-313242-313251/shopping_app_backend/src/api/schemas.py", "pattern": "/^    unit_price: Decimal = Field(..., description=\"Unit price at purchase time.\")$/", "language": "Python", "typeref": "typename:Decimal", "kind": "variable", "scope": "OrderItemResponse", "scopeKind": "class"}, {"_type": "tag", "name": "unit_price", "path": "/home/kavia/workspace/code-generation/unified-shopping-platform-313242-313251/shopping_app_backend/src/api/schemas.py", "pattern": "/^    unit_price: Decimal = Field(..., description=\"Unit price at time of adding to cart.\")$/", "language": "Python", "typeref": "typename:Decimal", "kind": "variable", "scope": "CartItemResponse", "scopeKind": "class"}, {"_type": "tag", "name": "updated_at", "path": "/home/kavia/workspace/code-generation/unified-shopping-platform-313242-313251/shopping_app_backend/src/api/schemas.py", "pattern": "/^    updated_at: datetime = Field(..., description=\"Updated timestamp.\")$/", "language": "Python", "typeref": "typename:datetime", "kind": "variable", "scope": "OrderResponse", "scopeKind": "class"}, {"_type": "tag", "name": "updated_at", "path": "/home/kavia/workspace/code-generation/unified-shopping-platform-313242-313251/shopping_app_backend/src/api/schemas.py", "pattern": "/^    updated_at: datetime = Field(..., description=\"Updated timestamp.\")$/", "language": "Python", "typeref": "typename:datetime", "kind": "variable", "scope": "ProductResponse", "scopeKind": "class"}], "hash": "f703938205380fd2fb2817cd98f9ea96", "format-version": 4, "code-base-name": "shopping_app_backend", "filename": "shopping_app_backend/src/api/schemas.py", "fields": [{"name": "str access_token", "scope": "TokenResponse", "scopeKind": "class", "description": "unavailable"}, {"name": "datetime created_at", "scope": "OrderResponse", "scopeKind": "class", "description": "unavailable"}, {"name": "str currency", "scope": "ProductResponse", "scopeKind": "class", "description": "unavailable"}, {"name": "Optional[str] description", "scope": "ProductResponse", "scopeKind": "class", "description": "unavailable"}, {"name": "EmailStr email", "scope": "LoginRequest", "scopeKind": "class", "description": "unavailable"}, {"name": "Optional[str] full_name", "scope": "RegisterRequest", "scopeKind": "class", "description": "unavailable"}, {"name": "int id", "scope": "CartResponse", "scopeKind": "class", "description": "unavailable"}, {"name": "Optional[str] idempotency_key", "scope": "CheckoutRequest", "scopeKind": "class", "description": "unavailable"}, {"name": "Optional[str] image_url", "scope": "ProductResponse", "scopeKind": "class", "description": "unavailable"}, {"name": "bool is_active", "scope": "ProductResponse", "scopeKind": "class", "description": "unavailable"}, {"name": "List[CartItemResponse] items", "scope": "CartResponse", "scopeKind": "class", "description": "unavailable"}, {"name": "List[OrderItemResponse] items", "scope": "OrderResponse", "scopeKind": "class", "description": "unavailable"}, {"name": "Decimal line_total", "scope": "OrderItemResponse", "scopeKind": "class", "description": "unavailable"}, {"name": "str message", "scope": "Message", "scopeKind": "class", "description": "unavailable"}, {"name": "str name", "scope": "ProductResponse", "scopeKind": "class", "description": "unavailable"}, {"name": "List[OrderResponse] orders", "scope": "OrdersListResponse", "scopeKind": "class", "description": "unavailable"}, {"name": "constr(min_length=8) password", "scope": "RegisterRequest", "scopeKind": "class", "description": "unavailable"}, {"name": "str password", "scope": "LoginRequest", "scopeKind": "class", "description": "unavailable"}, {"name": "Decimal price", "scope": "ProductResponse", "scopeKind": "class", "description": "unavailable"}, {"name": "ProductResponse product", "scope": "CartItemResponse", "scopeKind": "class", "description": "unavailable"}, {"name": "int product_id", "scope": "CartItemUpsertRequest", "scopeKind": "class", "description": "unavailable"}, {"name": "conint(gt=0) quantity", "scope": "CartItemUpsertRequest", "scopeKind": "class", "description": "unavailable"}, {"name": "int quantity", "scope": "OrderItemResponse", "scopeKind": "class", "description": "unavailable"}, {"name": "str status", "scope": "CartResponse", "scopeKind": "class", "description": "unavailable"}, {"name": "Decimal subtotal", "scope": "CartResponse", "scopeKind": "class", "description": "unavailable"}, {"name": "str token_type", "scope": "TokenResponse", "scopeKind": "class", "description": "unavailable"}, {"name": "Decimal total_amount", "scope": "OrderResponse", "scopeKind": "class", "description": "unavailable"}, {"name": "Decimal unit_price", "scope": "OrderItemResponse", "scopeKind": "class", "description": "unavailable"}, {"name": "datetime updated_at", "scope": "OrderResponse", "scopeKind": "class", "description": "unavailable"}], "revision_history": [{"26": "2a88f786d2f75b6839b7f0e1bff94eea68e2274f"}]}