{"is_source_file": true, "format": "Python", "description": "This is the main entry point for the backend API of a shopping platform, setting up FastAPI app, middleware, health check endpoints, and including various routers for auth, products, cart, and orders.", "external_files": ["src/api/core/config.py", "src/api/db/session.py", "src/api/routers/__init__.py", "src/api/routers/auth_router.py", "src/api/routers/cart_router.py", "src/api/routers/orders_router.py", "src/api/routers/products_router.py"], "external_methods": ["get_settings()", "engine.connect()"], "published": ["app"], "classes": [], "methods": [{"name": "health_check()", "description": "Health check endpoint returning status 'Healthy'.", "scope": "", "scopeKind": ""}, {"name": "health_config()", "description": "Returns current non-secret configuration settings for validation.", "scope": "", "scopeKind": ""}, {"name": "None _startup_db_ping()", "description": "Performs a non-blocking startup database connectivity check.", "scope": "", "scopeKind": ""}, {"name": "health_db()", "description": "Checks database connectivity with a lightweight query.", "scope": "", "scopeKind": ""}], "calls": ["engine.connect()", "conn.execute(text(\"SELECT 1\"))"], "search-terms": ["FastAPI", "health check endpoints", "routers inclusion", "database connectivity", "CORS middleware", "startup event"], "state": 2, "file_id": 4, "knowledge_revision": 38, "git_revision": "bd09078d52b5c560d8edb9b58b45fcc622f54fb5", "revision_history": [{"9": "e133226d6c2faa03343ce5de2b7a5821864c9d8e"}, {"23": "2a88f786d2f75b6839b7f0e1bff94eea68e2274f"}, {"35": "d1b0ab206b74a451a6aef7a62b6a6bc13dd1c234"}, {"38": "bd09078d52b5c560d8edb9b58b45fcc622f54fb5"}], "ctags": [{"_type": "tag", "name": "_startup_db_ping", "path": "/home/kavia/workspace/code-generation/unified-shopping-platform-313242-313251/shopping_app_backend/src/api/main.py", "pattern": "/^def _startup_db_ping() -> None:$/", "language": "Python", "typeref": "typename:None", "kind": "function", "signature": "()"}, {"_type": "tag", "name": "app", "path": "/home/kavia/workspace/code-generation/unified-shopping-platform-313242-313251/shopping_app_backend/src/api/main.py", "pattern": "/^app = FastAPI($/", "language": "Python", "kind": "variable"}, {"_type": "tag", "name": "health_check", "path": "/home/kavia/workspace/code-generation/unified-shopping-platform-313242-313251/shopping_app_backend/src/api/main.py", "pattern": "/^def health_check():$/", "language": "Python", "kind": "function", "signature": "()"}, {"_type": "tag", "name": "health_config", "path": "/home/kavia/workspace/code-generation/unified-shopping-platform-313242-313251/shopping_app_backend/src/api/main.py", "pattern": "/^def health_config():$/", "language": "Python", "kind": "function", "signature": "()"}, {"_type": "tag", "name": "health_db", "path": "/home/kavia/workspace/code-generation/unified-shopping-platform-313242-313251/shopping_app_backend/src/api/main.py", "pattern": "/^def health_db():$/", "language": "Python", "kind": "function", "signature": "()"}, {"_type": "tag", "name": "openapi_tags", "path": "/home/kavia/workspace/code-generation/unified-shopping-platform-313242-313251/shopping_app_backend/src/api/main.py", "pattern": "/^openapi_tags = [$/", "language": "Python", "kind": "variable"}, {"_type": "tag", "name": "settings", "path": "/home/kavia/workspace/code-generation/unified-shopping-platform-313242-313251/shopping_app_backend/src/api/main.py", "pattern": "/^settings = get_settings()$/", "language": "Python", "kind": "variable"}], "hash": "60b88eb2a258826c28345f789ce83d5c", "format-version": 4, "code-base-name": "shopping_app_backend", "filename": "shopping_app_backend/src/api/main.py", "fields": [{"name": "app = FastAPI(", "scope": "", "scopeKind": "", "description": "unavailable"}, {"name": "openapi_tags = [", "scope": "", "scopeKind": "", "description": "unavailable"}, {"name": "settings = get_settings()", "scope": "", "scopeKind": "", "description": "unavailable"}]}