{"is_source_file": true, "format": "Python", "description": "This file defines ORM models for a shopping application's backend database using SQLAlchemy. It includes class definitions for User, Product, Cart, CartItem, Order, and OrderItem, each mapping to corresponding database tables with columns, relationships, and constraints.", "external_files": ["sqlalchemy", "sqlalchemy.orm", "datetime", "decimal"], "external_methods": ["func.now()"], "published": ["Base", "User", "Product", "Cart", "CartItem", "Order", "OrderItem"], "classes": [{"name": "Base", "description": "Declarative base class for ORM models."}, {"name": "User", "description": "Represents a user in the system with fields for identification, contact, and timestamps, and relationships to carts and orders."}, {"name": "Product", "description": "Represents a product with details like name, description, price, currency, image URL, activity status, timestamps, and constraints on price."}, {"name": "Cart", "description": "Represents a shopping cart linked to a user with status and timestamps, includes relationships to user and cart items, with a unique constraint on user and status."}, {"name": "CartItem", "description": "Represents an item in a shopping cart, linked to a cart and a product, with quantity, unit price, timestamps, constraints on quantity and price, and uniqueness on cart-product pair."}, {"name": "Order", "description": "Represents an order placed by a user, including total amount, currency, status, timestamps, and relationships to user and order items, with check constraints on total amount."}, {"name": "OrderItem", "description": "Represents an item within an order, linked to an order and a product, with quantity, unit price, line total, timestamps, multiple constraints ensuring data integrity and uniqueness on order-product pair."}], "methods": [], "calls": ["func.now()"], "search-terms": ["SQLAlchemy ORM models", "shopping cart database schema", "user order management", "product inventory database"], "state": 2, "file_id": 7, "knowledge_revision": 24, "git_revision": "2a88f786d2f75b6839b7f0e1bff94eea68e2274f", "ctags": [{"_type": "tag", "name": "Base", "path": "/home/kavia/workspace/code-generation/unified-shopping-platform-313242-313251/shopping_app_backend/src/api/db/models.py", "pattern": "/^class Base(DeclarativeBase):$/", "language": "Python", "kind": "class"}, {"_type": "tag", "name": "Cart", "path": "/home/kavia/workspace/code-generation/unified-shopping-platform-313242-313251/shopping_app_backend/src/api/db/models.py", "pattern": "/^class Cart(Base):$/", "language": "Python", "kind": "class"}, {"_type": "tag", "name": "CartItem", "path": "/home/kavia/workspace/code-generation/unified-shopping-platform-313242-313251/shopping_app_backend/src/api/db/models.py", "pattern": "/^class CartItem(Base):$/", "language": "Python", "kind": "class"}, {"_type": "tag", "name": "Order", "path": "/home/kavia/workspace/code-generation/unified-shopping-platform-313242-313251/shopping_app_backend/src/api/db/models.py", "pattern": "/^class Order(Base):$/", "language": "Python", "kind": "class"}, {"_type": "tag", "name": "OrderItem", "path": "/home/kavia/workspace/code-generation/unified-shopping-platform-313242-313251/shopping_app_backend/src/api/db/models.py", "pattern": "/^class OrderItem(Base):$/", "language": "Python", "kind": "class"}, {"_type": "tag", "name": "Product", "path": "/home/kavia/workspace/code-generation/unified-shopping-platform-313242-313251/shopping_app_backend/src/api/db/models.py", "pattern": "/^class Product(Base):$/", "language": "Python", "kind": "class"}, {"_type": "tag", "name": "User", "path": "/home/kavia/workspace/code-generation/unified-shopping-platform-313242-313251/shopping_app_backend/src/api/db/models.py", "pattern": "/^class User(Base):$/", "language": "Python", "kind": "class"}, {"_type": "tag", "name": "__table_args__", "path": "/home/kavia/workspace/code-generation/unified-shopping-platform-313242-313251/shopping_app_backend/src/api/db/models.py", "pattern": "/^    __table_args__ = ($/", "file": true, "language": "Python", "kind": "variable", "scope": "CartItem", "scopeKind": "class"}, {"_type": "tag", "name": "__table_args__", "path": "/home/kavia/workspace/code-generation/unified-shopping-platform-313242-313251/shopping_app_backend/src/api/db/models.py", "pattern": "/^    __table_args__ = ($/", "file": true, "language": "Python", "kind": "variable", "scope": "OrderItem", "scopeKind": "class"}, {"_type": "tag", "name": "__table_args__", "path": "/home/kavia/workspace/code-generation/unified-shopping-platform-313242-313251/shopping_app_backend/src/api/db/models.py", "pattern": "/^    __table_args__ = (CheckConstraint(\"price >= 0\", name=\"products_price_check\"),)$/", "file": true, "language": "Python", "kind": "variable", "scope": "Product", "scopeKind": "class"}, {"_type": "tag", "name": "__table_args__", "path": "/home/kavia/workspace/code-generation/unified-shopping-platform-313242-313251/shopping_app_backend/src/api/db/models.py", "pattern": "/^    __table_args__ = (CheckConstraint(\"total_amount >= 0\", name=\"orders_total_amount_check\"),)$/", "file": true, "language": "Python", "kind": "variable", "scope": "Order", "scopeKind": "class"}, {"_type": "tag", "name": "__table_args__", "path": "/home/kavia/workspace/code-generation/unified-shopping-platform-313242-313251/shopping_app_backend/src/api/db/models.py", "pattern": "/^    __table_args__ = (UniqueConstraint(\"user_id\", \"status\", name=\"carts_user_status_unique\"),)$/", "file": true, "language": "Python", "kind": "variable", "scope": "Cart", "scopeKind": "class"}, {"_type": "tag", "name": "__tablename__", "path": "/home/kavia/workspace/code-generation/unified-shopping-platform-313242-313251/shopping_app_backend/src/api/db/models.py", "pattern": "/^    __tablename__ = \"cart_items\"$/", "file": true, "language": "Python", "kind": "variable", "scope": "CartItem", "scopeKind": "class"}, {"_type": "tag", "name": "__tablename__", "path": "/home/kavia/workspace/code-generation/unified-shopping-platform-313242-313251/shopping_app_backend/src/api/db/models.py", "pattern": "/^    __tablename__ = \"carts\"$/", "file": true, "language": "Python", "kind": "variable", "scope": "Cart", "scopeKind": "class"}, {"_type": "tag", "name": "__tablename__", "path": "/home/kavia/workspace/code-generation/unified-shopping-platform-313242-313251/shopping_app_backend/src/api/db/models.py", "pattern": "/^    __tablename__ = \"order_items\"$/", "file": true, "language": "Python", "kind": "variable", "scope": "OrderItem", "scopeKind": "class"}, {"_type": "tag", "name": "__tablename__", "path": "/home/kavia/workspace/code-generation/unified-shopping-platform-313242-313251/shopping_app_backend/src/api/db/models.py", "pattern": "/^    __tablename__ = \"orders\"$/", "file": true, "language": "Python", "kind": "variable", "scope": "Order", "scopeKind": "class"}, {"_type": "tag", "name": "__tablename__", "path": "/home/kavia/workspace/code-generation/unified-shopping-platform-313242-313251/shopping_app_backend/src/api/db/models.py", "pattern": "/^    __tablename__ = \"products\"$/", "file": true, "language": "Python", "kind": "variable", "scope": "Product", "scopeKind": "class"}, {"_type": "tag", "name": "__tablename__", "path": "/home/kavia/workspace/code-generation/unified-shopping-platform-313242-313251/shopping_app_backend/src/api/db/models.py", "pattern": "/^    __tablename__ = \"users\"$/", "file": true, "language": "Python", "kind": "variable", "scope": "User", "scopeKind": "class"}, {"_type": "tag", "name": "cart", "path": "/home/kavia/workspace/code-generation/unified-shopping-platform-313242-313251/shopping_app_backend/src/api/db/models.py", "pattern": "/^    cart: Mapped[\"Cart\"] = relationship(back_populates=\"items\")$/", "language": "Python", "typeref": "typename:Mapped[\"Cart\"]", "kind": "variable", "scope": "CartItem", "scopeKind": "class"}, {"_type": "tag", "name": "cart_id", "path": "/home/kavia/workspace/code-generation/unified-shopping-platform-313242-313251/shopping_app_backend/src/api/db/models.py", "pattern": "/^    cart_id: Mapped[int] = mapped_column(BigInteger, ForeignKey(\"carts.id\", ondelete=\"CASCADE\"),/", "language": "Python", "typeref": "typename:Mapped[int]", "kind": "variable", "scope": "CartItem", "scopeKind": "class"}, {"_type": "tag", "name": "carts", "path": "/home/kavia/workspace/code-generation/unified-shopping-platform-313242-313251/shopping_app_backend/src/api/db/models.py", "pattern": "/^    carts: Mapped[list[\"Cart\"]] = relationship(back_populates=\"user\")$/", "language": "Python", "typeref": "typename:Mapped[list[\"Cart\"]]", "kind": "variable", "scope": "User", "scopeKind": "class"}, {"_type": "tag", "name": "created_at", "path": "/home/kavia/workspace/code-generation/unified-shopping-platform-313242-313251/shopping_app_backend/src/api/db/models.py", "pattern": "/^    created_at: Mapped[datetime] = mapped_column(DateTime(timezone=True), server_default=func.no/", "language": "Python", "typeref": "typename:Mapped[datetime]", "kind": "variable", "scope": "Cart", "scopeKind": "class"}, {"_type": "tag", "name": "created_at", "path": "/home/kavia/workspace/code-generation/unified-shopping-platform-313242-313251/shopping_app_backend/src/api/db/models.py", "pattern": "/^    created_at: Mapped[datetime] = mapped_column(DateTime(timezone=True), server_default=func.no/", "language": "Python", "typeref": "typename:Mapped[datetime]", "kind": "variable", "scope": "CartItem", "scopeKind": "class"}, {"_type": "tag", "name": "created_at", "path": "/home/kavia/workspace/code-generation/unified-shopping-platform-313242-313251/shopping_app_backend/src/api/db/models.py", "pattern": "/^    created_at: Mapped[datetime] = mapped_column(DateTime(timezone=True), server_default=func.no/", "language": "Python", "typeref": "typename:Mapped[datetime]", "kind": "variable", "scope": "Order", "scopeKind": "class"}, {"_type": "tag", "name": "created_at", "path": "/home/kavia/workspace/code-generation/unified-shopping-platform-313242-313251/shopping_app_backend/src/api/db/models.py", "pattern": "/^    created_at: Mapped[datetime] = mapped_column(DateTime(timezone=True), server_default=func.no/", "language": "Python", "typeref": "typename:Mapped[datetime]", "kind": "variable", "scope": "OrderItem", "scopeKind": "class"}, {"_type": "tag", "name": "created_at", "path": "/home/kavia/workspace/code-generation/unified-shopping-platform-313242-313251/shopping_app_backend/src/api/db/models.py", "pattern": "/^    created_at: Mapped[datetime] = mapped_column(DateTime(timezone=True), server_default=func.no/", "language": "Python", "typeref": "typename:Mapped[datetime]", "kind": "variable", "scope": "Product", "scopeKind": "class"}, {"_type": "tag", "name": "created_at", "path": "/home/kavia/workspace/code-generation/unified-shopping-platform-313242-313251/shopping_app_backend/src/api/db/models.py", "pattern": "/^    created_at: Mapped[datetime] = mapped_column(DateTime(timezone=True), server_default=func.no/", "language": "Python", "typeref": "typename:Mapped[datetime]", "kind": "variable", "scope": "User", "scopeKind": "class"}, {"_type": "tag", "name": "currency", "path": "/home/kavia/workspace/code-generation/unified-shopping-platform-313242-313251/shopping_app_backend/src/api/db/models.py", "pattern": "/^    currency: Mapped[str] = mapped_column(String(3), nullable=False, server_default=\"USD\")$/", "language": "Python", "typeref": "typename:Mapped[str]", "kind": "variable", "scope": "Order", "scopeKind": "class"}, {"_type": "tag", "name": "currency", "path": "/home/kavia/workspace/code-generation/unified-shopping-platform-313242-313251/shopping_app_backend/src/api/db/models.py", "pattern": "/^    currency: Mapped[str] = mapped_column(String(3), nullable=False, server_default=\"USD\")$/", "language": "Python", "typeref": "typename:Mapped[str]", "kind": "variable", "scope": "Product", "scopeKind": "class"}, {"_type": "tag", "name": "description", "path": "/home/kavia/workspace/code-generation/unified-shopping-platform-313242-313251/shopping_app_backend/src/api/db/models.py", "pattern": "/^    description: Mapped[str | None] = mapped_column(Text, nullable=True)$/", "language": "Python", "typeref": "typename:Mapped[str | None]", "kind": "variable", "scope": "Product", "scopeKind": "class"}, {"_type": "tag", "name": "email", "path": "/home/kavia/workspace/code-generation/unified-shopping-platform-313242-313251/shopping_app_backend/src/api/db/models.py", "pattern": "/^    email: Mapped[str] = mapped_column(Text, unique=True, nullable=False)$/", "language": "Python", "typeref": "typename:Mapped[str]", "kind": "variable", "scope": "User", "scopeKind": "class"}, {"_type": "tag", "name": "full_name", "path": "/home/kavia/workspace/code-generation/unified-shopping-platform-313242-313251/shopping_app_backend/src/api/db/models.py", "pattern": "/^    full_name: Mapped[str | None] = mapped_column(Text, nullable=True)$/", "language": "Python", "typeref": "typename:Mapped[str | None]", "kind": "variable", "scope": "User", "scopeKind": "class"}, {"_type": "tag", "name": "id", "path": "/home/kavia/workspace/code-generation/unified-shopping-platform-313242-313251/shopping_app_backend/src/api/db/models.py", "pattern": "/^    id: Mapped[int] = mapped_column(BigInteger, primary_key=True)$/", "language": "Python", "typeref": "typename:Mapped[int]", "kind": "variable", "scope": "Cart", "scopeKind": "class"}, {"_type": "tag", "name": "id", "path": "/home/kavia/workspace/code-generation/unified-shopping-platform-313242-313251/shopping_app_backend/src/api/db/models.py", "pattern": "/^    id: Mapped[int] = mapped_column(BigInteger, primary_key=True)$/", "language": "Python", "typeref": "typename:Mapped[int]", "kind": "variable", "scope": "CartItem", "scopeKind": "class"}, {"_type": "tag", "name": "id", "path": "/home/kavia/workspace/code-generation/unified-shopping-platform-313242-313251/shopping_app_backend/src/api/db/models.py", "pattern": "/^    id: Mapped[int] = mapped_column(BigInteger, primary_key=True)$/", "language": "Python", "typeref": "typename:Mapped[int]", "kind": "variable", "scope": "Order", "scopeKind": "class"}, {"_type": "tag", "name": "id", "path": "/home/kavia/workspace/code-generation/unified-shopping-platform-313242-313251/shopping_app_backend/src/api/db/models.py", "pattern": "/^    id: Mapped[int] = mapped_column(BigInteger, primary_key=True)$/", "language": "Python", "typeref": "typename:Mapped[int]", "kind": "variable", "scope": "OrderItem", "scopeKind": "class"}, {"_type": "tag", "name": "id", "path": "/home/kavia/workspace/code-generation/unified-shopping-platform-313242-313251/shopping_app_backend/src/api/db/models.py", "pattern": "/^    id: Mapped[int] = mapped_column(BigInteger, primary_key=True)$/", "language": "Python", "typeref": "typename:Mapped[int]", "kind": "variable", "scope": "Product", "scopeKind": "class"}, {"_type": "tag", "name": "id", "path": "/home/kavia/workspace/code-generation/unified-shopping-platform-313242-313251/shopping_app_backend/src/api/db/models.py", "pattern": "/^    id: Mapped[int] = mapped_column(BigInteger, primary_key=True)$/", "language": "Python", "typeref": "typename:Mapped[int]", "kind": "variable", "scope": "User", "scopeKind": "class"}, {"_type": "tag", "name": "image_url", "path": "/home/kavia/workspace/code-generation/unified-shopping-platform-313242-313251/shopping_app_backend/src/api/db/models.py", "pattern": "/^    image_url: Mapped[str | None] = mapped_column(Text, nullable=True)$/", "language": "Python", "typeref": "typename:Mapped[str | None]", "kind": "variable", "scope": "Product", "scopeKind": "class"}, {"_type": "tag", "name": "is_active", "path": "/home/kavia/workspace/code-generation/unified-shopping-platform-313242-313251/shopping_app_backend/src/api/db/models.py", "pattern": "/^    is_active: Mapped[bool] = mapped_column(Boolean, nullable=False, server_default=\"true\")$/", "language": "Python", "typeref": "typename:Mapped[bool]", "kind": "variable", "scope": "Product", "scopeKind": "class"}, {"_type": "tag", "name": "items", "path": "/home/kavia/workspace/code-generation/unified-shopping-platform-313242-313251/shopping_app_backend/src/api/db/models.py", "pattern": "/^    items: Mapped[list[\"CartItem\"]] = relationship(back_populates=\"cart\", cascade=\"all, delete-o/", "language": "Python", "typeref": "typename:Mapped[list[\"CartItem\"]]", "kind": "variable", "scope": "Cart", "scopeKind": "class"}, {"_type": "tag", "name": "items", "path": "/home/kavia/workspace/code-generation/unified-shopping-platform-313242-313251/shopping_app_backend/src/api/db/models.py", "pattern": "/^    items: Mapped[list[\"OrderItem\"]] = relationship(back_populates=\"order\", cascade=\"all, delete/", "language": "Python", "typeref": "typename:Mapped[list[\"OrderItem\"]]", "kind": "variable", "scope": "Order", "scopeKind": "class"}, {"_type": "tag", "name": "line_total", "path": "/home/kavia/workspace/code-generation/unified-shopping-platform-313242-313251/shopping_app_backend/src/api/db/models.py", "pattern": "/^    line_total: Mapped[Decimal] = mapped_column(Numeric(12, 2), nullable=False)$/", "language": "Python", "typeref": "typename:Mapped[Decimal]", "kind": "variable", "scope": "OrderItem", "scopeKind": "class"}, {"_type": "tag", "name": "name", "path": "/home/kavia/workspace/code-generation/unified-shopping-platform-313242-313251/shopping_app_backend/src/api/db/models.py", "pattern": "/^    name: Mapped[str] = mapped_column(Text, nullable=False)$/", "language": "Python", "typeref": "typename:Mapped[str]", "kind": "variable", "scope": "Product", "scopeKind": "class"}, {"_type": "tag", "name": "order", "path": "/home/kavia/workspace/code-generation/unified-shopping-platform-313242-313251/shopping_app_backend/src/api/db/models.py", "pattern": "/^    order: Mapped[\"Order\"] = relationship(back_populates=\"items\")$/", "language": "Python", "typeref": "typename:Mapped[\"Order\"]", "kind": "variable", "scope": "OrderItem", "scopeKind": "class"}, {"_type": "tag", "name": "order_id", "path": "/home/kavia/workspace/code-generation/unified-shopping-platform-313242-313251/shopping_app_backend/src/api/db/models.py", "pattern": "/^    order_id: Mapped[int] = mapped_column(BigInteger, ForeignKey(\"orders.id\", ondelete=\"CASCADE\"/", "language": "Python", "typeref": "typename:Mapped[int]", "kind": "variable", "scope": "OrderItem", "scopeKind": "class"}, {"_type": "tag", "name": "orders", "path": "/home/kavia/workspace/code-generation/unified-shopping-platform-313242-313251/shopping_app_backend/src/api/db/models.py", "pattern": "/^    orders: Mapped[list[\"Order\"]] = relationship(back_populates=\"user\")$/", "language": "Python", "typeref": "typename:Mapped[list[\"Order\"]]", "kind": "variable", "scope": "User", "scopeKind": "class"}, {"_type": "tag", "name": "password_hash", "path": "/home/kavia/workspace/code-generation/unified-shopping-platform-313242-313251/shopping_app_backend/src/api/db/models.py", "pattern": "/^    password_hash: Mapped[str] = mapped_column(Text, nullable=False)$/", "language": "Python", "typeref": "typename:Mapped[str]", "kind": "variable", "scope": "User", "scopeKind": "class"}, {"_type": "tag", "name": "price", "path": "/home/kavia/workspace/code-generation/unified-shopping-platform-313242-313251/shopping_app_backend/src/api/db/models.py", "pattern": "/^    price: Mapped[Decimal] = mapped_column(Numeric(10, 2), nullable=False)$/", "language": "Python", "typeref": "typename:Mapped[Decimal]", "kind": "variable", "scope": "Product", "scopeKind": "class"}, {"_type": "tag", "name": "product", "path": "/home/kavia/workspace/code-generation/unified-shopping-platform-313242-313251/shopping_app_backend/src/api/db/models.py", "pattern": "/^    product: Mapped[\"Product\"] = relationship()$/", "language": "Python", "typeref": "typename:Mapped[\"Product\"]", "kind": "variable", "scope": "CartItem", "scopeKind": "class"}, {"_type": "tag", "name": "product", "path": "/home/kavia/workspace/code-generation/unified-shopping-platform-313242-313251/shopping_app_backend/src/api/db/models.py", "pattern": "/^    product: Mapped[\"Product\"] = relationship()$/", "language": "Python", "typeref": "typename:Mapped[\"Product\"]", "kind": "variable", "scope": "OrderItem", "scopeKind": "class"}, {"_type": "tag", "name": "product_id", "path": "/home/kavia/workspace/code-generation/unified-shopping-platform-313242-313251/shopping_app_backend/src/api/db/models.py", "pattern": "/^    product_id: Mapped[int] = mapped_column(BigInteger, ForeignKey(\"products.id\", ondelete=\"REST/", "language": "Python", "typeref": "typename:Mapped[int]", "kind": "variable", "scope": "CartItem", "scopeKind": "class"}, {"_type": "tag", "name": "product_id", "path": "/home/kavia/workspace/code-generation/unified-shopping-platform-313242-313251/shopping_app_backend/src/api/db/models.py", "pattern": "/^    product_id: Mapped[int] = mapped_column(BigInteger, ForeignKey(\"products.id\", ondelete=\"REST/", "language": "Python", "typeref": "typename:Mapped[int]", "kind": "variable", "scope": "OrderItem", "scopeKind": "class"}, {"_type": "tag", "name": "quantity", "path": "/home/kavia/workspace/code-generation/unified-shopping-platform-313242-313251/shopping_app_backend/src/api/db/models.py", "pattern": "/^    quantity: Mapped[int] = mapped_column(Integer, nullable=False)$/", "language": "Python", "typeref": "typename:Mapped[int]", "kind": "variable", "scope": "CartItem", "scopeKind": "class"}, {"_type": "tag", "name": "quantity", "path": "/home/kavia/workspace/code-generation/unified-shopping-platform-313242-313251/shopping_app_backend/src/api/db/models.py", "pattern": "/^    quantity: Mapped[int] = mapped_column(Integer, nullable=False)$/", "language": "Python", "typeref": "typename:Mapped[int]", "kind": "variable", "scope": "OrderItem", "scopeKind": "class"}, {"_type": "tag", "name": "status", "path": "/home/kavia/workspace/code-generation/unified-shopping-platform-313242-313251/shopping_app_backend/src/api/db/models.py", "pattern": "/^    status: Mapped[str] = mapped_column(Text, nullable=False, server_default=\"active\")$/", "language": "Python", "typeref": "typename:Mapped[str]", "kind": "variable", "scope": "Cart", "scopeKind": "class"}, {"_type": "tag", "name": "status", "path": "/home/kavia/workspace/code-generation/unified-shopping-platform-313242-313251/shopping_app_backend/src/api/db/models.py", "pattern": "/^    status: Mapped[str] = mapped_column(Text, nullable=False, server_default=\"pending\")$/", "language": "Python", "typeref": "typename:Mapped[str]", "kind": "variable", "scope": "Order", "scopeKind": "class"}, {"_type": "tag", "name": "total_amount", "path": "/home/kavia/workspace/code-generation/unified-shopping-platform-313242-313251/shopping_app_backend/src/api/db/models.py", "pattern": "/^    total_amount: Mapped[Decimal] = mapped_column(Numeric(12, 2), nullable=False, server_default/", "language": "Python", "typeref": "typename:Mapped[Decimal]", "kind": "variable", "scope": "Order", "scopeKind": "class"}, {"_type": "tag", "name": "unit_price", "path": "/home/kavia/workspace/code-generation/unified-shopping-platform-313242-313251/shopping_app_backend/src/api/db/models.py", "pattern": "/^    unit_price: Mapped[Decimal] = mapped_column(Numeric(10, 2), nullable=False)$/", "language": "Python", "typeref": "typename:Mapped[Decimal]", "kind": "variable", "scope": "CartItem", "scopeKind": "class"}, {"_type": "tag", "name": "unit_price", "path": "/home/kavia/workspace/code-generation/unified-shopping-platform-313242-313251/shopping_app_backend/src/api/db/models.py", "pattern": "/^    unit_price: Mapped[Decimal] = mapped_column(Numeric(10, 2), nullable=False)$/", "language": "Python", "typeref": "typename:Mapped[Decimal]", "kind": "variable", "scope": "OrderItem", "scopeKind": "class"}, {"_type": "tag", "name": "updated_at", "path": "/home/kavia/workspace/code-generation/unified-shopping-platform-313242-313251/shopping_app_backend/src/api/db/models.py", "pattern": "/^    updated_at: Mapped[datetime] = mapped_column(DateTime(timezone=True), server_default=func.no/", "language": "Python", "typeref": "typename:Mapped[datetime]", "kind": "variable", "scope": "Cart", "scopeKind": "class"}, {"_type": "tag", "name": "updated_at", "path": "/home/kavia/workspace/code-generation/unified-shopping-platform-313242-313251/shopping_app_backend/src/api/db/models.py", "pattern": "/^    updated_at: Mapped[datetime] = mapped_column(DateTime(timezone=True), server_default=func.no/", "language": "Python", "typeref": "typename:Mapped[datetime]", "kind": "variable", "scope": "CartItem", "scopeKind": "class"}, {"_type": "tag", "name": "updated_at", "path": "/home/kavia/workspace/code-generation/unified-shopping-platform-313242-313251/shopping_app_backend/src/api/db/models.py", "pattern": "/^    updated_at: Mapped[datetime] = mapped_column(DateTime(timezone=True), server_default=func.no/", "language": "Python", "typeref": "typename:Mapped[datetime]", "kind": "variable", "scope": "Order", "scopeKind": "class"}, {"_type": "tag", "name": "updated_at", "path": "/home/kavia/workspace/code-generation/unified-shopping-platform-313242-313251/shopping_app_backend/src/api/db/models.py", "pattern": "/^    updated_at: Mapped[datetime] = mapped_column(DateTime(timezone=True), server_default=func.no/", "language": "Python", "typeref": "typename:Mapped[datetime]", "kind": "variable", "scope": "OrderItem", "scopeKind": "class"}, {"_type": "tag", "name": "updated_at", "path": "/home/kavia/workspace/code-generation/unified-shopping-platform-313242-313251/shopping_app_backend/src/api/db/models.py", "pattern": "/^    updated_at: Mapped[datetime] = mapped_column(DateTime(timezone=True), server_default=func.no/", "language": "Python", "typeref": "typename:Mapped[datetime]", "kind": "variable", "scope": "Product", "scopeKind": "class"}, {"_type": "tag", "name": "updated_at", "path": "/home/kavia/workspace/code-generation/unified-shopping-platform-313242-313251/shopping_app_backend/src/api/db/models.py", "pattern": "/^    updated_at: Mapped[datetime] = mapped_column(DateTime(timezone=True), server_default=func.no/", "language": "Python", "typeref": "typename:Mapped[datetime]", "kind": "variable", "scope": "User", "scopeKind": "class"}, {"_type": "tag", "name": "user", "path": "/home/kavia/workspace/code-generation/unified-shopping-platform-313242-313251/shopping_app_backend/src/api/db/models.py", "pattern": "/^    user: Mapped[\"User\"] = relationship(back_populates=\"carts\")$/", "language": "Python", "typeref": "typename:Mapped[\"User\"]", "kind": "variable", "scope": "Cart", "scopeKind": "class"}, {"_type": "tag", "name": "user", "path": "/home/kavia/workspace/code-generation/unified-shopping-platform-313242-313251/shopping_app_backend/src/api/db/models.py", "pattern": "/^    user: Mapped[\"User\"] = relationship(back_populates=\"orders\")$/", "language": "Python", "typeref": "typename:Mapped[\"User\"]", "kind": "variable", "scope": "Order", "scopeKind": "class"}, {"_type": "tag", "name": "user_id", "path": "/home/kavia/workspace/code-generation/unified-shopping-platform-313242-313251/shopping_app_backend/src/api/db/models.py", "pattern": "/^    user_id: Mapped[int] = mapped_column(BigInteger, ForeignKey(\"users.id\", ondelete=\"CASCADE\"),/", "language": "Python", "typeref": "typename:Mapped[int]", "kind": "variable", "scope": "Cart", "scopeKind": "class"}, {"_type": "tag", "name": "user_id", "path": "/home/kavia/workspace/code-generation/unified-shopping-platform-313242-313251/shopping_app_backend/src/api/db/models.py", "pattern": "/^    user_id: Mapped[int] = mapped_column(BigInteger, ForeignKey(\"users.id\", ondelete=\"RESTRICT\")/", "language": "Python", "typeref": "typename:Mapped[int]", "kind": "variable", "scope": "Order", "scopeKind": "class"}], "hash": "f845cc986dc51ce445fbbeb46484716f", "format-version": 4, "code-base-name": "shopping_app_backend", "filename": "shopping_app_backend/src/api/db/models.py", "fields": [{"name": "__table_args__ = (", "scope": "CartItem", "scopeKind": "class", "description": "unavailable"}, {"name": "__table_args__ = (CheckConstraint(\"price >= 0\", name=\"products_price_check\"),)", "scope": "Product", "scopeKind": "class", "description": "unavailable"}, {"name": "__table_args__ = (CheckConstraint(\"total_amount >= 0\", name=\"orders_total_amount_check\"),)", "scope": "Order", "scopeKind": "class", "description": "unavailable"}, {"name": "__table_args__ = (UniqueConstraint(\"user_id\", \"status\", name=\"carts_user_status_unique\"),)", "scope": "Cart", "scopeKind": "class", "description": "unavailable"}, {"name": "__tablename__ = \"cart_items\"", "scope": "CartItem", "scopeKind": "class", "description": "unavailable"}, {"name": "__tablename__ = \"carts\"", "scope": "Cart", "scopeKind": "class", "description": "unavailable"}, {"name": "__tablename__ = \"order_items\"", "scope": "OrderItem", "scopeKind": "class", "description": "unavailable"}, {"name": "__tablename__ = \"orders\"", "scope": "Order", "scopeKind": "class", "description": "unavailable"}, {"name": "__tablename__ = \"products\"", "scope": "Product", "scopeKind": "class", "description": "unavailable"}, {"name": "__tablename__ = \"users\"", "scope": "User", "scopeKind": "class", "description": "unavailable"}, {"name": "Mapped[\"Cart\"] cart", "scope": "CartItem", "scopeKind": "class", "description": "unavailable"}, {"name": "Mapped[int] cart_id", "scope": "CartItem", "scopeKind": "class", "description": "unavailable"}, {"name": "Mapped[list[\"Cart\"]] carts", "scope": "User", "scopeKind": "class", "description": "unavailable"}, {"name": "Mapped[datetime] created_at", "scope": "Cart", "scopeKind": "class", "description": "unavailable"}, {"name": "Mapped[str] currency", "scope": "Order", "scopeKind": "class", "description": "unavailable"}, {"name": "Mapped[str | None] description", "scope": "Product", "scopeKind": "class", "description": "unavailable"}, {"name": "Mapped[str] email", "scope": "User", "scopeKind": "class", "description": "unavailable"}, {"name": "Mapped[str | None] full_name", "scope": "User", "scopeKind": "class", "description": "unavailable"}, {"name": "Mapped[int] id", "scope": "Cart", "scopeKind": "class", "description": "unavailable"}, {"name": "Mapped[str | None] image_url", "scope": "Product", "scopeKind": "class", "description": "unavailable"}, {"name": "Mapped[bool] is_active", "scope": "Product", "scopeKind": "class", "description": "unavailable"}, {"name": "Mapped[list[\"CartItem\"]] items", "scope": "Cart", "scopeKind": "class", "description": "unavailable"}, {"name": "Mapped[list[\"OrderItem\"]] items", "scope": "Order", "scopeKind": "class", "description": "unavailable"}, {"name": "Mapped[Decimal] line_total", "scope": "OrderItem", "scopeKind": "class", "description": "unavailable"}, {"name": "Mapped[str] name", "scope": "Product", "scopeKind": "class", "description": "unavailable"}, {"name": "Mapped[\"Order\"] order", "scope": "OrderItem", "scopeKind": "class", "description": "unavailable"}, {"name": "Mapped[int] order_id", "scope": "OrderItem", "scopeKind": "class", "description": "unavailable"}, {"name": "Mapped[list[\"Order\"]] orders", "scope": "User", "scopeKind": "class", "description": "unavailable"}, {"name": "Mapped[str] password_hash", "scope": "User", "scopeKind": "class", "description": "unavailable"}, {"name": "Mapped[Decimal] price", "scope": "Product", "scopeKind": "class", "description": "unavailable"}, {"name": "Mapped[\"Product\"] product", "scope": "CartItem", "scopeKind": "class", "description": "unavailable"}, {"name": "Mapped[int] product_id", "scope": "CartItem", "scopeKind": "class", "description": "unavailable"}, {"name": "Mapped[int] quantity", "scope": "CartItem", "scopeKind": "class", "description": "unavailable"}, {"name": "Mapped[str] status", "scope": "Cart", "scopeKind": "class", "description": "unavailable"}, {"name": "Mapped[Decimal] total_amount", "scope": "Order", "scopeKind": "class", "description": "unavailable"}, {"name": "Mapped[Decimal] unit_price", "scope": "CartItem", "scopeKind": "class", "description": "unavailable"}, {"name": "Mapped[datetime] updated_at", "scope": "Cart", "scopeKind": "class", "description": "unavailable"}, {"name": "Mapped[\"User\"] user", "scope": "Cart", "scopeKind": "class", "description": "unavailable"}, {"name": "Mapped[int] user_id", "scope": "Cart", "scopeKind": "class", "description": "unavailable"}], "revision_history": [{"24": "2a88f786d2f75b6839b7f0e1bff94eea68e2274f"}]}