{"is_source_file": true, "file_id": 5, "git_revision": "", "state": 3, "description": "", "external_files": [], "external_methods": [], "published": [], "classes": [], "methods": [], "calls": [], "search-terms": [], "ctags": [{"_type": "tag", "name": "Settings", "path": "/home/kavia/workspace/code-generation/unified-shopping-platform-313242-313251/shopping_app_backend/src/api/core/config.py", "pattern": "/^class Settings:$/", "language": "Python", "kind": "class"}, {"_type": "tag", "name": "_default_database_url", "path": "/home/kavia/workspace/code-generation/unified-shopping-platform-313242-313251/shopping_app_backend/src/api/core/config.py", "pattern": "/^def _default_database_url() -> str:$/", "language": "Python", "typeref": "typename:str", "kind": "function", "signature": "()"}, {"_type": "tag", "name": "_parse_db_connection_txt_line", "path": "/home/kavia/workspace/code-generation/unified-shopping-platform-313242-313251/shopping_app_backend/src/api/core/config.py", "pattern": "/^def _parse_db_connection_txt_line(line: str) -> Optional[str]:$/", "language": "Python", "typeref": "typename:Optional[str]", "kind": "function", "signature": "(line: str)"}, {"_type": "tag", "name": "get_settings", "path": "/home/kavia/workspace/code-generation/unified-shopping-platform-313242-313251/shopping_app_backend/src/api/core/config.py", "pattern": "/^def get_settings() -> Settings:$/", "language": "Python", "typeref": "typename:Settings", "kind": "function", "signature": "()"}], "format": "Python", "hash": "955d09538c699f7db6f19e46aeac9bf3", "format-version": 4, "code-base-name": "shopping_app_backend", "filename": "shopping_app_backend/src/api/core/config.py", "knowledge_revision": 10}