{"is_source_file": true, "format": "Python", "description": "This file defines API route handlers using FastAPI for managing product-related endpoints in a shopping platform. It includes endpoints for listing products and retrieving details for a specific product, utilizing dependencies on database sessions and product service functions.", "external_files": ["src/api/db/session", "src/api/schemas", "src/api/services"], "external_methods": ["get_db", "list_products", "get_product"], "published": [], "classes": [], "methods": [{"name": "list[ProductResponse] products_list(db: Session = Depends(get_db))", "description": "Handles GET requests to list all active products available for browsing.", "scope": "", "scopeKind": ""}, {"name": "ProductResponse products_detail(product_id: int, db: Session = Depends(get_db))", "description": "Handles GET requests to retrieve detailed information about a specific product by product ID.", "scope": "", "scopeKind": ""}], "calls": ["list_products(db)", "get_product(db, product_id)"], "search-terms": ["products.py", "FastAPI API routes", "ProductResponse", "product_id endpoint", "Shopping platform API"], "state": 2, "file_id": 13, "knowledge_revision": 30, "git_revision": "2a88f786d2f75b6839b7f0e1bff94eea68e2274f", "ctags": [{"_type": "tag", "name": "products_detail", "path": "/home/kavia/workspace/code-generation/unified-shopping-platform-313242-313251/shopping_app_backend/src/api/routers/products.py", "pattern": "/^def products_detail(product_id: int, db: Session = Depends(get_db)) -> ProductResponse:$/", "language": "Python", "typeref": "typename:ProductResponse", "kind": "function", "signature": "(product_id: int, db: Session = Depends(get_db))"}, {"_type": "tag", "name": "products_list", "path": "/home/kavia/workspace/code-generation/unified-shopping-platform-313242-313251/shopping_app_backend/src/api/routers/products.py", "pattern": "/^def products_list(db: Session = Depends(get_db)) -> list[ProductResponse]:$/", "language": "Python", "typeref": "typename:list[ProductResponse]", "kind": "function", "signature": "(db: Session = Depends(get_db))"}, {"_type": "tag", "name": "router", "path": "/home/kavia/workspace/code-generation/unified-shopping-platform-313242-313251/shopping_app_backend/src/api/routers/products.py", "pattern": "/^router = APIRouter(prefix=\"\\/products\", tags=[\"products\"])$/", "language": "Python", "kind": "variable"}], "hash": "a9e2bd7cfd458ca09307f14dc445145f", "format-version": 4, "code-base-name": "shopping_app_backend", "filename": "shopping_app_backend/src/api/routers/products.py", "fields": [{"name": "router = APIRouter(prefix=\"\\/products\", tags=[\"products\"])", "scope": "", "scopeKind": "", "description": "unavailable"}], "revision_history": [{"30": "2a88f786d2f75b6839b7f0e1bff94eea68e2274f"}]}