{"is_source_file": true, "file_id": 12, "git_revision": "", "state": 1, "description": "", "external_files": [], "external_methods": [], "published": [], "classes": [], "methods": [], "calls": [], "search-terms": [], "ctags": [{"_type": "tag", "name": "login", "path": "/home/kavia/workspace/code-generation/unified-shopping-platform-313242-313251/shopping_app_backend/src/api/routers/auth.py", "pattern": "/^def login(payload: LoginRequest, db: Session = Depends(get_db)) -> TokenResponse:$/", "language": "Python", "typeref": "typename:TokenResponse", "kind": "function", "signature": "(payload: LoginRequest, db: Session = Depends(get_db))"}, {"_type": "tag", "name": "register", "path": "/home/kavia/workspace/code-generation/unified-shopping-platform-313242-313251/shopping_app_backend/src/api/routers/auth.py", "pattern": "/^def register(payload: RegisterRequest, db: Session = Depends(get_db)) -> TokenResponse:$/", "language": "Python", "typeref": "typename:TokenResponse", "kind": "function", "signature": "(payload: RegisterRequest, db: Session = Depends(get_db))"}, {"_type": "tag", "name": "router", "path": "/home/kavia/workspace/code-generation/unified-shopping-platform-313242-313251/shopping_app_backend/src/api/routers/auth.py", "pattern": "/^router = APIRouter(prefix=\"\\/auth\", tags=[\"auth\"])$/", "language": "Python", "kind": "variable"}], "format": "Python", "hash": "a0d6cbbdc115ef79ec5d2f9d87194daa", "format-version": 4, "code-base-name": "shopping_app_backend", "filename": "shopping_app_backend/src/api/routers/auth.py", "knowledge_revision": 17}