{"is_source_file": true, "file_id": 9, "git_revision": "", "state": 1, "description": "", "external_files": [], "external_methods": [], "published": [], "classes": [], "methods": [], "calls": [], "search-terms": [], "ctags": [{"_type": "tag", "name": "CartItemResponse", "path": "/home/kavia/workspace/code-generation/unified-shopping-platform-313242-313251/shopping_app_backend/src/api/schemas.py", "pattern": "/^class CartItemResponse(BaseModel):$/", "language": "Python", "kind": "class"}, {"_type": "tag", "name": "CartItemUpsertRequest", "path": "/home/kavia/workspace/code-generation/unified-shopping-platform-313242-313251/shopping_app_backend/src/api/schemas.py", "pattern": "/^class CartItemUpsertRequest(BaseModel):$/", "language": "Python", "kind": "class"}, {"_type": "tag", "name": "CartResponse", "path": "/home/kavia/workspace/code-generation/unified-shopping-platform-313242-313251/shopping_app_backend/src/api/schemas.py", "pattern": "/^class CartResponse(BaseModel):$/", "language": "Python", "kind": "class"}, {"_type": "tag", "name": "CheckoutRequest", "path": "/home/kavia/workspace/code-generation/unified-shopping-platform-313242-313251/shopping_app_backend/src/api/schemas.py", "pattern": "/^class CheckoutRequest(BaseModel):$/", "language": "Python", "kind": "class"}, {"_type": "tag", "name": "LoginRequest", "path": "/home/kavia/workspace/code-generation/unified-shopping-platform-313242-313251/shopping_app_backend/src/api/schemas.py", "pattern": "/^class LoginRequest(BaseModel):$/", "language": "Python", "kind": "class"}, {"_type": "tag", "name": "Message", "path": "/home/kavia/workspace/code-generation/unified-shopping-platform-313242-313251/shopping_app_backend/src/api/schemas.py", "pattern": "/^class Message(BaseModel):$/", "language": "Python", "kind": "class"}, {"_type": "tag", "name": "OrderItemResponse", "path": "/home/kavia/workspace/code-generation/unified-shopping-platform-313242-313251/shopping_app_backend/src/api/schemas.py", "pattern": "/^class OrderItemResponse(BaseModel):$/", "language": "Python", "kind": "class"}, {"_type": "tag", "name": "OrderResponse", "path": "/home/kavia/workspace/code-generation/unified-shopping-platform-313242-313251/shopping_app_backend/src/api/schemas.py", "pattern": "/^class OrderResponse(BaseModel):$/", "language": "Python", "kind": "class"}, {"_type": "tag", "name": "OrdersListResponse", "path": "/home/kavia/workspace/code-generation/unified-shopping-platform-313242-313251/shopping_app_backend/src/api/schemas.py", "pattern": "/^class OrdersListResponse(BaseModel):$/", "language": "Python", "kind": "class"}, {"_type": "tag", "name": "ProductResponse", "path": "/home/kavia/workspace/code-generation/unified-shopping-platform-313242-313251/shopping_app_backend/src/api/schemas.py", "pattern": "/^class ProductResponse(BaseModel):$/", "language": "Python", "kind": "class"}, {"_type": "tag", "name": "RegisterRequest", "path": "/home/kavia/workspace/code-generation/unified-shopping-platform-313242-313251/shopping_app_backend/src/api/schemas.py", "pattern": "/^class RegisterRequest(BaseModel):$/", "language": "Python", "kind": "class"}, {"_type": "tag", "name": "TokenResponse", "path": "/home/kavia/workspace/code-generation/unified-shopping-platform-313242-313251/shopping_app_backend/src/api/schemas.py", "pattern": "/^class TokenResponse(BaseModel):$/", "language": "Python", "kind": "class"}, {"_type": "tag", "name": "UserResponse", "path": "/home/kavia/workspace/code-generation/unified-shopping-platform-313242-313251/shopping_app_backend/src/api/schemas.py", "pattern": "/^class UserResponse(BaseModel):$/", "language": "Python", "kind": "class"}, {"_type": "tag", "name": "access_token", "path": "/home/kavia/workspace/code-generation/unified-shopping-platform-313242-313251/shopping_app_backend/src/api/schemas.py", "pattern": "/^    access_token: str = Field(..., description=\"JWT access token.\")$/", "language": "Python", "typeref": "typename:str", "kind": "variable", "scope": "TokenResponse", "scopeKind": "class"}, {"_type": "tag", "name": "created_at", "path": "/home/kavia/workspace/code-generation/unified-shopping-platform-313242-313251/shopping_app_backend/src/api/schemas.py", "pattern": "/^    created_at: datetime = Field(..., description=\"Created timestamp.\")$/", "language": "Python", "typeref": "typename:datetime", "kind": "variable", "scope": "OrderResponse", "scopeKind": "class"}, {"_type": "tag", "name": "created_at", "path": "/home/kavia/workspace/code-generation/unified-shopping-platform-313242-313251/shopping_app_backend/src/api/schemas.py", "pattern": "/^    created_at: datetime = Field(..., description=\"Created timestamp.\")$/", "language": "Python", "typeref": "typename:datetime", "kind": "variable", "scope": "ProductResponse", "scopeKind": "class"}, {"_type": "tag", "name": "currency", "path": "/home/kavia/workspace/code-generation/unified-shopping-platform-313242-313251/shopping_app_backend/src/api/schemas.py", "pattern": "/^    currency: str = Field(..., description=\"Currency (ISO 4217).\")$/", "language": "Python", "typeref": "typename:str", "kind": "variable", "scope": "ProductResponse", "scopeKind": "class"}, {"_type": "tag", "name": "currency", "path": "/home/kavia/workspace/code-generation/unified-shopping-platform-313242-313251/shopping_app_backend/src/api/schemas.py", "pattern": "/^    currency: str = Field(..., description=\"Currency.\")$/", "language": "Python", "typeref": "typename:str", "kind": "variable", "scope": "OrderResponse", "scopeKind": "class"}, {"_type": "tag", "name": "description", "path": "/home/kavia/workspace/code-generation/unified-shopping-platform-313242-313251/shopping_app_backend/src/api/schemas.py", "pattern": "/^    description: Optional[str] = Field(None, description=\"Product description.\")$/", "language": "Python", "typeref": "typename:Optional[str]", "kind": "variable", "scope": "ProductResponse", "scopeKind": "class"}, {"_type": "tag", "name": "email", "path": "/home/kavia/workspace/code-generation/unified-shopping-platform-313242-313251/shopping_app_backend/src/api/schemas.py", "pattern": "/^    email: EmailStr = Field(..., description=\"User email address.\")$/", "language": "Python", "typeref": "typename:EmailStr", "kind": "variable", "scope": "LoginRequest", "scopeKind": "class"}, {"_type": "tag", "name": "email", "path": "/home/kavia/workspace/code-generation/unified-shopping-platform-313242-313251/shopping_app_backend/src/api/schemas.py", "pattern": "/^    email: EmailStr = Field(..., description=\"User email address.\")$/", "language": "Python", "typeref": "typename:EmailStr", "kind": "variable", "scope": "RegisterRequest", "scopeKind": "class"}, {"_type": "tag", "name": "email", "path": "/home/kavia/workspace/code-generation/unified-shopping-platform-313242-313251/shopping_app_backend/src/api/schemas.py", "pattern": "/^    email: EmailStr = Field(..., description=\"User email.\")$/", "language": "Python", "typeref": "typename:EmailStr", "kind": "variable", "scope": "UserResponse", "scopeKind": "class"}, {"_type": "tag", "name": "full_name", "path": "/home/kavia/workspace/code-generation/unified-shopping-platform-313242-313251/shopping_app_backend/src/api/schemas.py", "pattern": "/^    full_name: Optional[str] = Field(None, description=\"Optional user full name.\")$/", "language": "Python", "typeref": "typename:Optional[str]", "kind": "variable", "scope": "RegisterRequest", "scopeKind": "class"}, {"_type": "tag", "name": "full_name", "path": "/home/kavia/workspace/code-generation/unified-shopping-platform-313242-313251/shopping_app_backend/src/api/schemas.py", "pattern": "/^    full_name: Optional[str] = Field(None, description=\"User full name.\")$/", "language": "Python", "typeref": "typename:Optional[str]", "kind": "variable", "scope": "UserResponse", "scopeKind": "class"}, {"_type": "tag", "name": "id", "path": "/home/kavia/workspace/code-generation/unified-shopping-platform-313242-313251/shopping_app_backend/src/api/schemas.py", "pattern": "/^    id: int = Field(..., description=\"Cart id.\")$/", "language": "Python", "typeref": "typename:int", "kind": "variable", "scope": "CartResponse", "scopeKind": "class"}, {"_type": "tag", "name": "id", "path": "/home/kavia/workspace/code-generation/unified-shopping-platform-313242-313251/shopping_app_backend/src/api/schemas.py", "pattern": "/^    id: int = Field(..., description=\"Cart item id.\")$/", "language": "Python", "typeref": "typename:int", "kind": "variable", "scope": "CartItemResponse", "scopeKind": "class"}, {"_type": "tag", "name": "id", "path": "/home/kavia/workspace/code-generation/unified-shopping-platform-313242-313251/shopping_app_backend/src/api/schemas.py", "pattern": "/^    id: int = Field(..., description=\"Order id.\")$/", "language": "Python", "typeref": "typename:int", "kind": "variable", "scope": "OrderResponse", "scopeKind": "class"}, {"_type": "tag", "name": "id", "path": "/home/kavia/workspace/code-generation/unified-shopping-platform-313242-313251/shopping_app_backend/src/api/schemas.py", "pattern": "/^    id: int = Field(..., description=\"Order item id.\")$/", "language": "Python", "typeref": "typename:int", "kind": "variable", "scope": "OrderItemResponse", "scopeKind": "class"}, {"_type": "tag", "name": "id", "path": "/home/kavia/workspace/code-generation/unified-shopping-platform-313242-313251/shopping_app_backend/src/api/schemas.py", "pattern": "/^    id: int = Field(..., description=\"Product id.\")$/", "language": "Python", "typeref": "typename:int", "kind": "variable", "scope": "ProductResponse", "scopeKind": "class"}, {"_type": "tag", "name": "id", "path": "/home/kavia/workspace/code-generation/unified-shopping-platform-313242-313251/shopping_app_backend/src/api/schemas.py", "pattern": "/^    id: int = Field(..., description=\"User id.\")$/", "language": "Python", "typeref": "typename:int", "kind": "variable", "scope": "UserResponse", "scopeKind": "class"}, {"_type": "tag", "name": "idempotency_key", "path": "/home/kavia/workspace/code-generation/unified-shopping-platform-313242-313251/shopping_app_backend/src/api/schemas.py", "pattern": "/^    idempotency_key: Optional[str] = Field(None, description=\"Optional idempotency key.\")$/", "language": "Python", "typeref": "typename:Optional[str]", "kind": "variable", "scope": "CheckoutRequest", "scopeKind": "class"}, {"_type": "tag", "name": "image_url", "path": "/home/kavia/workspace/code-generation/unified-shopping-platform-313242-313251/shopping_app_backend/src/api/schemas.py", "pattern": "/^    image_url: Optional[str] = Field(None, description=\"Optional product image URL.\")$/", "language": "Python", "typeref": "typename:Optional[str]", "kind": "variable", "scope": "ProductResponse", "scopeKind": "class"}, {"_type": "tag", "name": "is_active", "path": "/home/kavia/workspace/code-generation/unified-shopping-platform-313242-313251/shopping_app_backend/src/api/schemas.py", "pattern": "/^    is_active: bool = Field(..., description=\"Whether the product is active.\")$/", "language": "Python", "typeref": "typename:bool", "kind": "variable", "scope": "ProductResponse", "scopeKind": "class"}, {"_type": "tag", "name": "items", "path": "/home/kavia/workspace/code-generation/unified-shopping-platform-313242-313251/shopping_app_backend/src/api/schemas.py", "pattern": "/^    items: List[CartItemResponse] = Field(default_factory=list, description=\"Cart items.\")$/", "language": "Python", "typeref": "typename:List[CartItemResponse]", "kind": "variable", "scope": "CartResponse", "scopeKind": "class"}, {"_type": "tag", "name": "items", "path": "/home/kavia/workspace/code-generation/unified-shopping-platform-313242-313251/shopping_app_backend/src/api/schemas.py", "pattern": "/^    items: List[OrderItemResponse] = Field(default_factory=list, description=\"Order items.\")$/", "language": "Python", "typeref": "typename:List[OrderItemResponse]", "kind": "variable", "scope": "OrderResponse", "scopeKind": "class"}, {"_type": "tag", "name": "line_total", "path": "/home/kavia/workspace/code-generation/unified-shopping-platform-313242-313251/shopping_app_backend/src/api/schemas.py", "pattern": "/^    line_total: Decimal = Field(..., description=\"Line total (quantity * unit_price).\")$/", "language": "Python", "typeref": "typename:Decimal", "kind": "variable", "scope": "OrderItemResponse", "scopeKind": "class"}, {"_type": "tag", "name": "message", "path": "/home/kavia/workspace/code-generation/unified-shopping-platform-313242-313251/shopping_app_backend/src/api/schemas.py", "pattern": "/^    message: str = Field(..., description=\"Human readable message.\")$/", "language": "Python", "typeref": "typename:str", "kind": "variable", "scope": "Message", "scopeKind": "class"}, {"_type": "tag", "name": "name", "path": "/home/kavia/workspace/code-generation/unified-shopping-platform-313242-313251/shopping_app_backend/src/api/schemas.py", "pattern": "/^    name: str = Field(..., description=\"Product name.\")$/", "language": "Python", "typeref": "typename:str", "kind": "variable", "scope": "ProductResponse", "scopeKind": "class"}, {"_type": "tag", "name": "orders", "path": "/home/kavia/workspace/code-generation/unified-shopping-platform-313242-313251/shopping_app_backend/src/api/schemas.py", "pattern": "/^    orders: List[OrderResponse] = Field(..., description=\"List of orders.\")$/", "language": "Python", "typeref": "typename:List[OrderResponse]", "kind": "variable", "scope": "OrdersListResponse", "scopeKind": "class"}, {"_type": "tag", "name": "password", "path": "/home/kavia/workspace/code-generation/unified-shopping-platform-313242-313251/shopping_app_backend/src/api/schemas.py", "pattern": "/^    password: constr(min_length=8) = Field(..., description=\"User password (min 8 chars).\")$/", "language": "Python", "typeref": "typename:constr(min_length=8)", "kind": "variable", "scope": "RegisterRequest", "scopeKind": "class"}, {"_type": "tag", "name": "password", "path": "/home/kavia/workspace/code-generation/unified-shopping-platform-313242-313251/shopping_app_backend/src/api/schemas.py", "pattern": "/^    password: str = Field(..., description=\"User password.\")$/", "language": "Python", "typeref": "typename:str", "kind": "variable", "scope": "LoginRequest", "scopeKind": "class"}, {"_type": "tag", "name": "price", "path": "/home/kavia/workspace/code-generation/unified-shopping-platform-313242-313251/shopping_app_backend/src/api/schemas.py", "pattern": "/^    price: Decimal = Field(..., description=\"Unit price.\")$/", "language": "Python", "typeref": "typename:Decimal", "kind": "variable", "scope": "ProductResponse", "scopeKind": "class"}, {"_type": "tag", "name": "product", "path": "/home/kavia/workspace/code-generation/unified-shopping-platform-313242-313251/shopping_app_backend/src/api/schemas.py", "pattern": "/^    product: ProductResponse = Field(..., description=\"Product snapshot.\")$/", "language": "Python", "typeref": "typename:ProductResponse", "kind": "variable", "scope": "CartItemResponse", "scopeKind": "class"}, {"_type": "tag", "name": "product", "path": "/home/kavia/workspace/code-generation/unified-shopping-platform-313242-313251/shopping_app_backend/src/api/schemas.py", "pattern": "/^    product: ProductResponse = Field(..., description=\"Purchased product.\")$/", "language": "Python", "typeref": "typename:ProductResponse", "kind": "variable", "scope": "OrderItemResponse", "scopeKind": "class"}, {"_type": "tag", "name": "product_id", "path": "/home/kavia/workspace/code-generation/unified-shopping-platform-313242-313251/shopping_app_backend/src/api/schemas.py", "pattern": "/^    product_id: int = Field(..., description=\"Product id to add\\/update in cart.\")$/", "language": "Python", "typeref": "typename:int", "kind": "variable", "scope": "CartItemUpsertRequest", "scopeKind": "class"}, {"_type": "tag", "name": "quantity", "path": "/home/kavia/workspace/code-generation/unified-shopping-platform-313242-313251/shopping_app_backend/src/api/schemas.py", "pattern": "/^    quantity: conint(gt=0) = Field(..., description=\"Quantity (> 0).\")$/", "language": "Python", "typeref": "typename:conint(gt=0)", "kind": "variable", "scope": "CartItemUpsertRequest", "scopeKind": "class"}, {"_type": "tag", "name": "quantity", "path": "/home/kavia/workspace/code-generation/unified-shopping-platform-313242-313251/shopping_app_backend/src/api/schemas.py", "pattern": "/^    quantity: int = Field(..., description=\"Quantity purchased.\")$/", "language": "Python", "typeref": "typename:int", "kind": "variable", "scope": "OrderItemResponse", "scopeKind": "class"}, {"_type": "tag", "name": "quantity", "path": "/home/kavia/workspace/code-generation/unified-shopping-platform-313242-313251/shopping_app_backend/src/api/schemas.py", "pattern": "/^    quantity: int = Field(..., description=\"Quantity.\")$/", "language": "Python", "typeref": "typename:int", "kind": "variable", "scope": "CartItemResponse", "scopeKind": "class"}, {"_type": "tag", "name": "status", "path": "/home/kavia/workspace/code-generation/unified-shopping-platform-313242-313251/shopping_app_backend/src/api/schemas.py", "pattern": "/^    status: str = Field(..., description=\"Cart status, usually 'active'.\")$/", "language": "Python", "typeref": "typename:str", "kind": "variable", "scope": "CartResponse", "scopeKind": "class"}, {"_type": "tag", "name": "status", "path": "/home/kavia/workspace/code-generation/unified-shopping-platform-313242-313251/shopping_app_backend/src/api/schemas.py", "pattern": "/^    status: str = Field(..., description=\"Order status.\")$/", "language": "Python", "typeref": "typename:str", "kind": "variable", "scope": "OrderResponse", "scopeKind": "class"}, {"_type": "tag", "name": "subtotal", "path": "/home/kavia/workspace/code-generation/unified-shopping-platform-313242-313251/shopping_app_backend/src/api/schemas.py", "pattern": "/^    subtotal: Decimal = Field(..., description=\"Subtotal across items.\")$/", "language": "Python", "typeref": "typename:Decimal", "kind": "variable", "scope": "CartResponse", "scopeKind": "class"}, {"_type": "tag", "name": "token_type", "path": "/home/kavia/workspace/code-generation/unified-shopping-platform-313242-313251/shopping_app_backend/src/api/schemas.py", "pattern": "/^    token_type: str = Field(\"bearer\", description=\"Token type.\")$/", "language": "Python", "typeref": "typename:str", "kind": "variable", "scope": "TokenResponse", "scopeKind": "class"}, {"_type": "tag", "name": "total_amount", "path": "/home/kavia/workspace/code-generation/unified-shopping-platform-313242-313251/shopping_app_backend/src/api/schemas.py", "pattern": "/^    total_amount: Decimal = Field(..., description=\"Total order amount.\")$/", "language": "Python", "typeref": "typename:Decimal", "kind": "variable", "scope": "OrderResponse", "scopeKind": "class"}, {"_type": "tag", "name": "unit_price", "path": "/home/kavia/workspace/code-generation/unified-shopping-platform-313242-313251/shopping_app_backend/src/api/schemas.py", "pattern": "/^    unit_price: Decimal = Field(..., description=\"Unit price at purchase time.\")$/", "language": "Python", "typeref": "typename:Decimal", "kind": "variable", "scope": "OrderItemResponse", "scopeKind": "class"}, {"_type": "tag", "name": "unit_price", "path": "/home/kavia/workspace/code-generation/unified-shopping-platform-313242-313251/shopping_app_backend/src/api/schemas.py", "pattern": "/^    unit_price: Decimal = Field(..., description=\"Unit price at time of adding to cart.\")$/", "language": "Python", "typeref": "typename:Decimal", "kind": "variable", "scope": "CartItemResponse", "scopeKind": "class"}, {"_type": "tag", "name": "updated_at", "path": "/home/kavia/workspace/code-generation/unified-shopping-platform-313242-313251/shopping_app_backend/src/api/schemas.py", "pattern": "/^    updated_at: datetime = Field(..., description=\"Updated timestamp.\")$/", "language": "Python", "typeref": "typename:datetime", "kind": "variable", "scope": "OrderResponse", "scopeKind": "class"}, {"_type": "tag", "name": "updated_at", "path": "/home/kavia/workspace/code-generation/unified-shopping-platform-313242-313251/shopping_app_backend/src/api/schemas.py", "pattern": "/^    updated_at: datetime = Field(..., description=\"Updated timestamp.\")$/", "language": "Python", "typeref": "typename:datetime", "kind": "variable", "scope": "ProductResponse", "scopeKind": "class"}], "format": "Python", "hash": "f703938205380fd2fb2817cd98f9ea96", "format-version": 4, "code-base-name": "shopping_app_backend", "filename": "shopping_app_backend/src/api/schemas.py", "knowledge_revision": 14}