{"is_source_file": true, "format": "Python", "description": "This source file provides configuration and environment variable management for a backend application, including database connection parsing, default configurations, and a dataclass for settings encapsulation.", "external_files": ["os", "dataclasses", "typing"], "external_methods": ["os.getenv"], "published": ["get_settings"], "classes": [{"name": "Settings", "description": "A dataclass that holds application configuration settings, including database URL, JWT secret key, algorithm, token expiry, and CORS origins."}], "methods": [{"name": "Optional[str] _parse_db_connection_txt_line(line: str)", "description": "Parses a line from 'db_connection.txt' to extract a SQLAlchemy-compatible database URL.", "scope": "", "scopeKind": ""}, {"name": "str _default_database_url()", "description": "Provides a default database URL suitable for local development if none is provided via environment variables.", "scope": "", "scopeKind": ""}, {"name": "Settings get_settings()", "description": "Loads application settings from environment variables, providing defaults and parsing where necessary.", "scope": "", "scopeKind": ""}], "calls": ["os.getenv", "_parse_db_connection_txt_line", "_default_database_url"], "search-terms": ["config.py", "Settings dataclass", "get_settings function", "database URL parsing", "environment variables"], "state": 2, "file_id": 5, "knowledge_revision": 20, "git_revision": "2a88f786d2f75b6839b7f0e1bff94eea68e2274f", "ctags": [{"_type": "tag", "name": "Settings", "path": "/home/kavia/workspace/code-generation/unified-shopping-platform-313242-313251/shopping_app_backend/src/api/core/config.py", "pattern": "/^class Settings:$/", "language": "Python", "kind": "class"}, {"_type": "tag", "name": "_default_database_url", "path": "/home/kavia/workspace/code-generation/unified-shopping-platform-313242-313251/shopping_app_backend/src/api/core/config.py", "pattern": "/^def _default_database_url() -> str:$/", "language": "Python", "typeref": "typename:str", "kind": "function", "signature": "()"}, {"_type": "tag", "name": "_parse_db_connection_txt_line", "path": "/home/kavia/workspace/code-generation/unified-shopping-platform-313242-313251/shopping_app_backend/src/api/core/config.py", "pattern": "/^def _parse_db_connection_txt_line(line: str) -> Optional[str]:$/", "language": "Python", "typeref": "typename:Optional[str]", "kind": "function", "signature": "(line: str)"}, {"_type": "tag", "name": "get_settings", "path": "/home/kavia/workspace/code-generation/unified-shopping-platform-313242-313251/shopping_app_backend/src/api/core/config.py", "pattern": "/^def get_settings() -> Settings:$/", "language": "Python", "typeref": "typename:Settings", "kind": "function", "signature": "()"}], "hash": "955d09538c699f7db6f19e46aeac9bf3", "format-version": 4, "code-base-name": "shopping_app_backend", "filename": "shopping_app_backend/src/api/core/config.py", "revision_history": [{"20": "2a88f786d2f75b6839b7f0e1bff94eea68e2274f"}]}