{"is_source_file": true, "format": "Python", "description": "This is a FastAPI application file (main.py) that initializes and configures the backend API for a shopping platform, including middleware, health check endpoints, and routing.", "external_files": ["src.api.core.config", "src.api.routers"], "external_methods": ["get_settings"], "published": ["app"], "classes": [], "methods": [{"name": "health_check()", "description": "Health check endpoint returning a simple status message.", "scope": "", "scopeKind": ""}, {"name": "health_config()", "description": "Provides a snapshot of current configuration settings for validation.", "scope": "", "scopeKind": ""}], "calls": ["FastAPI", "CORSMiddleware", "get_settings", "auth_router", "products_router", "cart_router", "orders_router"], "search-terms": ["FastAPI", "middleware", "health check", "CORS", "router inclusion", "configuration"], "state": 2, "file_id": 4, "knowledge_revision": 35, "git_revision": "d1b0ab206b74a451a6aef7a62b6a6bc13dd1c234", "revision_history": [{"9": "e133226d6c2faa03343ce5de2b7a5821864c9d8e"}, {"23": "2a88f786d2f75b6839b7f0e1bff94eea68e2274f"}, {"35": "d1b0ab206b74a451a6aef7a62b6a6bc13dd1c234"}], "ctags": [{"_type": "tag", "name": "app", "path": "/home/kavia/workspace/code-generation/unified-shopping-platform-313242-313251/shopping_app_backend/src/api/main.py", "pattern": "/^app = FastAPI($/", "language": "Python", "kind": "variable"}, {"_type": "tag", "name": "health_check", "path": "/home/kavia/workspace/code-generation/unified-shopping-platform-313242-313251/shopping_app_backend/src/api/main.py", "pattern": "/^def health_check():$/", "language": "Python", "kind": "function", "signature": "()"}, {"_type": "tag", "name": "health_config", "path": "/home/kavia/workspace/code-generation/unified-shopping-platform-313242-313251/shopping_app_backend/src/api/main.py", "pattern": "/^def health_config():$/", "language": "Python", "kind": "function", "signature": "()"}, {"_type": "tag", "name": "openapi_tags", "path": "/home/kavia/workspace/code-generation/unified-shopping-platform-313242-313251/shopping_app_backend/src/api/main.py", "pattern": "/^openapi_tags = [$/", "language": "Python", "kind": "variable"}, {"_type": "tag", "name": "settings", "path": "/home/kavia/workspace/code-generation/unified-shopping-platform-313242-313251/shopping_app_backend/src/api/main.py", "pattern": "/^settings = get_settings()$/", "language": "Python", "kind": "variable"}], "hash": "42c4bd666055536ba8dfb4b9673ef062", "format-version": 4, "code-base-name": "shopping_app_backend", "filename": "shopping_app_backend/src/api/main.py", "fields": [{"name": "app = FastAPI(", "scope": "", "scopeKind": "", "description": "unavailable"}, {"name": "openapi_tags = [", "scope": "", "scopeKind": "", "description": "unavailable"}, {"name": "settings = get_settings()", "scope": "", "scopeKind": "", "description": "unavailable"}]}