{"is_source_file": true, "file_id": 7, "git_revision": "", "state": 1, "description": "", "external_files": [], "external_methods": [], "published": [], "classes": [], "methods": [], "calls": [], "search-terms": [], "ctags": [{"_type": "tag", "name": "Base", "path": "/home/kavia/workspace/code-generation/unified-shopping-platform-313242-313251/shopping_app_backend/src/api/db/models.py", "pattern": "/^class Base(DeclarativeBase):$/", "language": "Python", "kind": "class"}, {"_type": "tag", "name": "Cart", "path": "/home/kavia/workspace/code-generation/unified-shopping-platform-313242-313251/shopping_app_backend/src/api/db/models.py", "pattern": "/^class Cart(Base):$/", "language": "Python", "kind": "class"}, {"_type": "tag", "name": "CartItem", "path": "/home/kavia/workspace/code-generation/unified-shopping-platform-313242-313251/shopping_app_backend/src/api/db/models.py", "pattern": "/^class CartItem(Base):$/", "language": "Python", "kind": "class"}, {"_type": "tag", "name": "Order", "path": "/home/kavia/workspace/code-generation/unified-shopping-platform-313242-313251/shopping_app_backend/src/api/db/models.py", "pattern": "/^class Order(Base):$/", "language": "Python", "kind": "class"}, {"_type": "tag", "name": "OrderItem", "path": "/home/kavia/workspace/code-generation/unified-shopping-platform-313242-313251/shopping_app_backend/src/api/db/models.py", "pattern": "/^class OrderItem(Base):$/", "language": "Python", "kind": "class"}, {"_type": "tag", "name": "Product", "path": "/home/kavia/workspace/code-generation/unified-shopping-platform-313242-313251/shopping_app_backend/src/api/db/models.py", "pattern": "/^class Product(Base):$/", "language": "Python", "kind": "class"}, {"_type": "tag", "name": "User", "path": "/home/kavia/workspace/code-generation/unified-shopping-platform-313242-313251/shopping_app_backend/src/api/db/models.py", "pattern": "/^class User(Base):$/", "language": "Python", "kind": "class"}, {"_type": "tag", "name": "__table_args__", "path": "/home/kavia/workspace/code-generation/unified-shopping-platform-313242-313251/shopping_app_backend/src/api/db/models.py", "pattern": "/^    __table_args__ = ($/", "file": true, "language": "Python", "kind": "variable", "scope": "CartItem", "scopeKind": "class"}, {"_type": "tag", "name": "__table_args__", "path": "/home/kavia/workspace/code-generation/unified-shopping-platform-313242-313251/shopping_app_backend/src/api/db/models.py", "pattern": "/^    __table_args__ = ($/", "file": true, "language": "Python", "kind": "variable", "scope": "OrderItem", "scopeKind": "class"}, {"_type": "tag", "name": "__table_args__", "path": "/home/kavia/workspace/code-generation/unified-shopping-platform-313242-313251/shopping_app_backend/src/api/db/models.py", "pattern": "/^    __table_args__ = (CheckConstraint(\"price >= 0\", name=\"products_price_check\"),)$/", "file": true, "language": "Python", "kind": "variable", "scope": "Product", "scopeKind": "class"}, {"_type": "tag", "name": "__table_args__", "path": "/home/kavia/workspace/code-generation/unified-shopping-platform-313242-313251/shopping_app_backend/src/api/db/models.py", "pattern": "/^    __table_args__ = (CheckConstraint(\"total_amount >= 0\", name=\"orders_total_amount_check\"),)$/", "file": true, "language": "Python", "kind": "variable", "scope": "Order", "scopeKind": "class"}, {"_type": "tag", "name": "__table_args__", "path": "/home/kavia/workspace/code-generation/unified-shopping-platform-313242-313251/shopping_app_backend/src/api/db/models.py", "pattern": "/^    __table_args__ = (UniqueConstraint(\"user_id\", \"status\", name=\"carts_user_status_unique\"),)$/", "file": true, "language": "Python", "kind": "variable", "scope": "Cart", "scopeKind": "class"}, {"_type": "tag", "name": "__tablename__", "path": "/home/kavia/workspace/code-generation/unified-shopping-platform-313242-313251/shopping_app_backend/src/api/db/models.py", "pattern": "/^    __tablename__ = \"cart_items\"$/", "file": true, "language": "Python", "kind": "variable", "scope": "CartItem", "scopeKind": "class"}, {"_type": "tag", "name": "__tablename__", "path": "/home/kavia/workspace/code-generation/unified-shopping-platform-313242-313251/shopping_app_backend/src/api/db/models.py", "pattern": "/^    __tablename__ = \"carts\"$/", "file": true, "language": "Python", "kind": "variable", "scope": "Cart", "scopeKind": "class"}, {"_type": "tag", "name": "__tablename__", "path": "/home/kavia/workspace/code-generation/unified-shopping-platform-313242-313251/shopping_app_backend/src/api/db/models.py", "pattern": "/^    __tablename__ = \"order_items\"$/", "file": true, "language": "Python", "kind": "variable", "scope": "OrderItem", "scopeKind": "class"}, {"_type": "tag", "name": "__tablename__", "path": "/home/kavia/workspace/code-generation/unified-shopping-platform-313242-313251/shopping_app_backend/src/api/db/models.py", "pattern": "/^    __tablename__ = \"orders\"$/", "file": true, "language": "Python", "kind": "variable", "scope": "Order", "scopeKind": "class"}, {"_type": "tag", "name": "__tablename__", "path": "/home/kavia/workspace/code-generation/unified-shopping-platform-313242-313251/shopping_app_backend/src/api/db/models.py", "pattern": "/^    __tablename__ = \"products\"$/", "file": true, "language": "Python", "kind": "variable", "scope": "Product", "scopeKind": "class"}, {"_type": "tag", "name": "__tablename__", "path": "/home/kavia/workspace/code-generation/unified-shopping-platform-313242-313251/shopping_app_backend/src/api/db/models.py", "pattern": "/^    __tablename__ = \"users\"$/", "file": true, "language": "Python", "kind": "variable", "scope": "User", "scopeKind": "class"}, {"_type": "tag", "name": "cart", "path": "/home/kavia/workspace/code-generation/unified-shopping-platform-313242-313251/shopping_app_backend/src/api/db/models.py", "pattern": "/^    cart: Mapped[\"Cart\"] = relationship(back_populates=\"items\")$/", "language": "Python", "typeref": "typename:Mapped[\"Cart\"]", "kind": "variable", "scope": "CartItem", "scopeKind": "class"}, {"_type": "tag", "name": "cart_id", "path": "/home/kavia/workspace/code-generation/unified-shopping-platform-313242-313251/shopping_app_backend/src/api/db/models.py", "pattern": "/^    cart_id: Mapped[int] = mapped_column(BigInteger, ForeignKey(\"carts.id\", ondelete=\"CASCADE\"),/", "language": "Python", "typeref": "typename:Mapped[int]", "kind": "variable", "scope": "CartItem", "scopeKind": "class"}, {"_type": "tag", "name": "carts", "path": "/home/kavia/workspace/code-generation/unified-shopping-platform-313242-313251/shopping_app_backend/src/api/db/models.py", "pattern": "/^    carts: Mapped[list[\"Cart\"]] = relationship(back_populates=\"user\")$/", "language": "Python", "typeref": "typename:Mapped[list[\"Cart\"]]", "kind": "variable", "scope": "User", "scopeKind": "class"}, {"_type": "tag", "name": "created_at", "path": "/home/kavia/workspace/code-generation/unified-shopping-platform-313242-313251/shopping_app_backend/src/api/db/models.py", "pattern": "/^    created_at: Mapped[datetime] = mapped_column(DateTime(timezone=True), server_default=func.no/", "language": "Python", "typeref": "typename:Mapped[datetime]", "kind": "variable", "scope": "Cart", "scopeKind": "class"}, {"_type": "tag", "name": "created_at", "path": "/home/kavia/workspace/code-generation/unified-shopping-platform-313242-313251/shopping_app_backend/src/api/db/models.py", "pattern": "/^    created_at: Mapped[datetime] = mapped_column(DateTime(timezone=True), server_default=func.no/", "language": "Python", "typeref": "typename:Mapped[datetime]", "kind": "variable", "scope": "CartItem", "scopeKind": "class"}, {"_type": "tag", "name": "created_at", "path": "/home/kavia/workspace/code-generation/unified-shopping-platform-313242-313251/shopping_app_backend/src/api/db/models.py", "pattern": "/^    created_at: Mapped[datetime] = mapped_column(DateTime(timezone=True), server_default=func.no/", "language": "Python", "typeref": "typename:Mapped[datetime]", "kind": "variable", "scope": "Order", "scopeKind": "class"}, {"_type": "tag", "name": "created_at", "path": "/home/kavia/workspace/code-generation/unified-shopping-platform-313242-313251/shopping_app_backend/src/api/db/models.py", "pattern": "/^    created_at: Mapped[datetime] = mapped_column(DateTime(timezone=True), server_default=func.no/", "language": "Python", "typeref": "typename:Mapped[datetime]", "kind": "variable", "scope": "OrderItem", "scopeKind": "class"}, {"_type": "tag", "name": "created_at", "path": "/home/kavia/workspace/code-generation/unified-shopping-platform-313242-313251/shopping_app_backend/src/api/db/models.py", "pattern": "/^    created_at: Mapped[datetime] = mapped_column(DateTime(timezone=True), server_default=func.no/", "language": "Python", "typeref": "typename:Mapped[datetime]", "kind": "variable", "scope": "Product", "scopeKind": "class"}, {"_type": "tag", "name": "created_at", "path": "/home/kavia/workspace/code-generation/unified-shopping-platform-313242-313251/shopping_app_backend/src/api/db/models.py", "pattern": "/^    created_at: Mapped[datetime] = mapped_column(DateTime(timezone=True), server_default=func.no/", "language": "Python", "typeref": "typename:Mapped[datetime]", "kind": "variable", "scope": "User", "scopeKind": "class"}, {"_type": "tag", "name": "currency", "path": "/home/kavia/workspace/code-generation/unified-shopping-platform-313242-313251/shopping_app_backend/src/api/db/models.py", "pattern": "/^    currency: Mapped[str] = mapped_column(String(3), nullable=False, server_default=\"USD\")$/", "language": "Python", "typeref": "typename:Mapped[str]", "kind": "variable", "scope": "Order", "scopeKind": "class"}, {"_type": "tag", "name": "currency", "path": "/home/kavia/workspace/code-generation/unified-shopping-platform-313242-313251/shopping_app_backend/src/api/db/models.py", "pattern": "/^    currency: Mapped[str] = mapped_column(String(3), nullable=False, server_default=\"USD\")$/", "language": "Python", "typeref": "typename:Mapped[str]", "kind": "variable", "scope": "Product", "scopeKind": "class"}, {"_type": "tag", "name": "description", "path": "/home/kavia/workspace/code-generation/unified-shopping-platform-313242-313251/shopping_app_backend/src/api/db/models.py", "pattern": "/^    description: Mapped[str | None] = mapped_column(Text, nullable=True)$/", "language": "Python", "typeref": "typename:Mapped[str | None]", "kind": "variable", "scope": "Product", "scopeKind": "class"}, {"_type": "tag", "name": "email", "path": "/home/kavia/workspace/code-generation/unified-shopping-platform-313242-313251/shopping_app_backend/src/api/db/models.py", "pattern": "/^    email: Mapped[str] = mapped_column(Text, unique=True, nullable=False)$/", "language": "Python", "typeref": "typename:Mapped[str]", "kind": "variable", "scope": "User", "scopeKind": "class"}, {"_type": "tag", "name": "full_name", "path": "/home/kavia/workspace/code-generation/unified-shopping-platform-313242-313251/shopping_app_backend/src/api/db/models.py", "pattern": "/^    full_name: Mapped[str | None] = mapped_column(Text, nullable=True)$/", "language": "Python", "typeref": "typename:Mapped[str | None]", "kind": "variable", "scope": "User", "scopeKind": "class"}, {"_type": "tag", "name": "id", "path": "/home/kavia/workspace/code-generation/unified-shopping-platform-313242-313251/shopping_app_backend/src/api/db/models.py", "pattern": "/^    id: Mapped[int] = mapped_column(BigInteger, primary_key=True)$/", "language": "Python", "typeref": "typename:Mapped[int]", "kind": "variable", "scope": "Cart", "scopeKind": "class"}, {"_type": "tag", "name": "id", "path": "/home/kavia/workspace/code-generation/unified-shopping-platform-313242-313251/shopping_app_backend/src/api/db/models.py", "pattern": "/^    id: Mapped[int] = mapped_column(BigInteger, primary_key=True)$/", "language": "Python", "typeref": "typename:Mapped[int]", "kind": "variable", "scope": "CartItem", "scopeKind": "class"}, {"_type": "tag", "name": "id", "path": "/home/kavia/workspace/code-generation/unified-shopping-platform-313242-313251/shopping_app_backend/src/api/db/models.py", "pattern": "/^    id: Mapped[int] = mapped_column(BigInteger, primary_key=True)$/", "language": "Python", "typeref": "typename:Mapped[int]", "kind": "variable", "scope": "Order", "scopeKind": "class"}, {"_type": "tag", "name": "id", "path": "/home/kavia/workspace/code-generation/unified-shopping-platform-313242-313251/shopping_app_backend/src/api/db/models.py", "pattern": "/^    id: Mapped[int] = mapped_column(BigInteger, primary_key=True)$/", "language": "Python", "typeref": "typename:Mapped[int]", "kind": "variable", "scope": "OrderItem", "scopeKind": "class"}, {"_type": "tag", "name": "id", "path": "/home/kavia/workspace/code-generation/unified-shopping-platform-313242-313251/shopping_app_backend/src/api/db/models.py", "pattern": "/^    id: Mapped[int] = mapped_column(BigInteger, primary_key=True)$/", "language": "Python", "typeref": "typename:Mapped[int]", "kind": "variable", "scope": "Product", "scopeKind": "class"}, {"_type": "tag", "name": "id", "path": "/home/kavia/workspace/code-generation/unified-shopping-platform-313242-313251/shopping_app_backend/src/api/db/models.py", "pattern": "/^    id: Mapped[int] = mapped_column(BigInteger, primary_key=True)$/", "language": "Python", "typeref": "typename:Mapped[int]", "kind": "variable", "scope": "User", "scopeKind": "class"}, {"_type": "tag", "name": "image_url", "path": "/home/kavia/workspace/code-generation/unified-shopping-platform-313242-313251/shopping_app_backend/src/api/db/models.py", "pattern": "/^    image_url: Mapped[str | None] = mapped_column(Text, nullable=True)$/", "language": "Python", "typeref": "typename:Mapped[str | None]", "kind": "variable", "scope": "Product", "scopeKind": "class"}, {"_type": "tag", "name": "is_active", "path": "/home/kavia/workspace/code-generation/unified-shopping-platform-313242-313251/shopping_app_backend/src/api/db/models.py", "pattern": "/^    is_active: Mapped[bool] = mapped_column(Boolean, nullable=False, server_default=\"true\")$/", "language": "Python", "typeref": "typename:Mapped[bool]", "kind": "variable", "scope": "Product", "scopeKind": "class"}, {"_type": "tag", "name": "items", "path": "/home/kavia/workspace/code-generation/unified-shopping-platform-313242-313251/shopping_app_backend/src/api/db/models.py", "pattern": "/^    items: Mapped[list[\"CartItem\"]] = relationship(back_populates=\"cart\", cascade=\"all, delete-o/", "language": "Python", "typeref": "typename:Mapped[list[\"CartItem\"]]", "kind": "variable", "scope": "Cart", "scopeKind": "class"}, {"_type": "tag", "name": "items", "path": "/home/kavia/workspace/code-generation/unified-shopping-platform-313242-313251/shopping_app_backend/src/api/db/models.py", "pattern": "/^    items: Mapped[list[\"OrderItem\"]] = relationship(back_populates=\"order\", cascade=\"all, delete/", "language": "Python", "typeref": "typename:Mapped[list[\"OrderItem\"]]", "kind": "variable", "scope": "Order", "scopeKind": "class"}, {"_type": "tag", "name": "line_total", "path": "/home/kavia/workspace/code-generation/unified-shopping-platform-313242-313251/shopping_app_backend/src/api/db/models.py", "pattern": "/^    line_total: Mapped[Decimal] = mapped_column(Numeric(12, 2), nullable=False)$/", "language": "Python", "typeref": "typename:Mapped[Decimal]", "kind": "variable", "scope": "OrderItem", "scopeKind": "class"}, {"_type": "tag", "name": "name", "path": "/home/kavia/workspace/code-generation/unified-shopping-platform-313242-313251/shopping_app_backend/src/api/db/models.py", "pattern": "/^    name: Mapped[str] = mapped_column(Text, nullable=False)$/", "language": "Python", "typeref": "typename:Mapped[str]", "kind": "variable", "scope": "Product", "scopeKind": "class"}, {"_type": "tag", "name": "order", "path": "/home/kavia/workspace/code-generation/unified-shopping-platform-313242-313251/shopping_app_backend/src/api/db/models.py", "pattern": "/^    order: Mapped[\"Order\"] = relationship(back_populates=\"items\")$/", "language": "Python", "typeref": "typename:Mapped[\"Order\"]", "kind": "variable", "scope": "OrderItem", "scopeKind": "class"}, {"_type": "tag", "name": "order_id", "path": "/home/kavia/workspace/code-generation/unified-shopping-platform-313242-313251/shopping_app_backend/src/api/db/models.py", "pattern": "/^    order_id: Mapped[int] = mapped_column(BigInteger, ForeignKey(\"orders.id\", ondelete=\"CASCADE\"/", "language": "Python", "typeref": "typename:Mapped[int]", "kind": "variable", "scope": "OrderItem", "scopeKind": "class"}, {"_type": "tag", "name": "orders", "path": "/home/kavia/workspace/code-generation/unified-shopping-platform-313242-313251/shopping_app_backend/src/api/db/models.py", "pattern": "/^    orders: Mapped[list[\"Order\"]] = relationship(back_populates=\"user\")$/", "language": "Python", "typeref": "typename:Mapped[list[\"Order\"]]", "kind": "variable", "scope": "User", "scopeKind": "class"}, {"_type": "tag", "name": "password_hash", "path": "/home/kavia/workspace/code-generation/unified-shopping-platform-313242-313251/shopping_app_backend/src/api/db/models.py", "pattern": "/^    password_hash: Mapped[str] = mapped_column(Text, nullable=False)$/", "language": "Python", "typeref": "typename:Mapped[str]", "kind": "variable", "scope": "User", "scopeKind": "class"}, {"_type": "tag", "name": "price", "path": "/home/kavia/workspace/code-generation/unified-shopping-platform-313242-313251/shopping_app_backend/src/api/db/models.py", "pattern": "/^    price: Mapped[Decimal] = mapped_column(Numeric(10, 2), nullable=False)$/", "language": "Python", "typeref": "typename:Mapped[Decimal]", "kind": "variable", "scope": "Product", "scopeKind": "class"}, {"_type": "tag", "name": "product", "path": "/home/kavia/workspace/code-generation/unified-shopping-platform-313242-313251/shopping_app_backend/src/api/db/models.py", "pattern": "/^    product: Mapped[\"Product\"] = relationship()$/", "language": "Python", "typeref": "typename:Mapped[\"Product\"]", "kind": "variable", "scope": "CartItem", "scopeKind": "class"}, {"_type": "tag", "name": "product", "path": "/home/kavia/workspace/code-generation/unified-shopping-platform-313242-313251/shopping_app_backend/src/api/db/models.py", "pattern": "/^    product: Mapped[\"Product\"] = relationship()$/", "language": "Python", "typeref": "typename:Mapped[\"Product\"]", "kind": "variable", "scope": "OrderItem", "scopeKind": "class"}, {"_type": "tag", "name": "product_id", "path": "/home/kavia/workspace/code-generation/unified-shopping-platform-313242-313251/shopping_app_backend/src/api/db/models.py", "pattern": "/^    product_id: Mapped[int] = mapped_column(BigInteger, ForeignKey(\"products.id\", ondelete=\"REST/", "language": "Python", "typeref": "typename:Mapped[int]", "kind": "variable", "scope": "CartItem", "scopeKind": "class"}, {"_type": "tag", "name": "product_id", "path": "/home/kavia/workspace/code-generation/unified-shopping-platform-313242-313251/shopping_app_backend/src/api/db/models.py", "pattern": "/^    product_id: Mapped[int] = mapped_column(BigInteger, ForeignKey(\"products.id\", ondelete=\"REST/", "language": "Python", "typeref": "typename:Mapped[int]", "kind": "variable", "scope": "OrderItem", "scopeKind": "class"}, {"_type": "tag", "name": "quantity", "path": "/home/kavia/workspace/code-generation/unified-shopping-platform-313242-313251/shopping_app_backend/src/api/db/models.py", "pattern": "/^    quantity: Mapped[int] = mapped_column(Integer, nullable=False)$/", "language": "Python", "typeref": "typename:Mapped[int]", "kind": "variable", "scope": "CartItem", "scopeKind": "class"}, {"_type": "tag", "name": "quantity", "path": "/home/kavia/workspace/code-generation/unified-shopping-platform-313242-313251/shopping_app_backend/src/api/db/models.py", "pattern": "/^    quantity: Mapped[int] = mapped_column(Integer, nullable=False)$/", "language": "Python", "typeref": "typename:Mapped[int]", "kind": "variable", "scope": "OrderItem", "scopeKind": "class"}, {"_type": "tag", "name": "status", "path": "/home/kavia/workspace/code-generation/unified-shopping-platform-313242-313251/shopping_app_backend/src/api/db/models.py", "pattern": "/^    status: Mapped[str] = mapped_column(Text, nullable=False, server_default=\"active\")$/", "language": "Python", "typeref": "typename:Mapped[str]", "kind": "variable", "scope": "Cart", "scopeKind": "class"}, {"_type": "tag", "name": "status", "path": "/home/kavia/workspace/code-generation/unified-shopping-platform-313242-313251/shopping_app_backend/src/api/db/models.py", "pattern": "/^    status: Mapped[str] = mapped_column(Text, nullable=False, server_default=\"pending\")$/", "language": "Python", "typeref": "typename:Mapped[str]", "kind": "variable", "scope": "Order", "scopeKind": "class"}, {"_type": "tag", "name": "total_amount", "path": "/home/kavia/workspace/code-generation/unified-shopping-platform-313242-313251/shopping_app_backend/src/api/db/models.py", "pattern": "/^    total_amount: Mapped[Decimal] = mapped_column(Numeric(12, 2), nullable=False, server_default/", "language": "Python", "typeref": "typename:Mapped[Decimal]", "kind": "variable", "scope": "Order", "scopeKind": "class"}, {"_type": "tag", "name": "unit_price", "path": "/home/kavia/workspace/code-generation/unified-shopping-platform-313242-313251/shopping_app_backend/src/api/db/models.py", "pattern": "/^    unit_price: Mapped[Decimal] = mapped_column(Numeric(10, 2), nullable=False)$/", "language": "Python", "typeref": "typename:Mapped[Decimal]", "kind": "variable", "scope": "CartItem", "scopeKind": "class"}, {"_type": "tag", "name": "unit_price", "path": "/home/kavia/workspace/code-generation/unified-shopping-platform-313242-313251/shopping_app_backend/src/api/db/models.py", "pattern": "/^    unit_price: Mapped[Decimal] = mapped_column(Numeric(10, 2), nullable=False)$/", "language": "Python", "typeref": "typename:Mapped[Decimal]", "kind": "variable", "scope": "OrderItem", "scopeKind": "class"}, {"_type": "tag", "name": "updated_at", "path": "/home/kavia/workspace/code-generation/unified-shopping-platform-313242-313251/shopping_app_backend/src/api/db/models.py", "pattern": "/^    updated_at: Mapped[datetime] = mapped_column(DateTime(timezone=True), server_default=func.no/", "language": "Python", "typeref": "typename:Mapped[datetime]", "kind": "variable", "scope": "Cart", "scopeKind": "class"}, {"_type": "tag", "name": "updated_at", "path": "/home/kavia/workspace/code-generation/unified-shopping-platform-313242-313251/shopping_app_backend/src/api/db/models.py", "pattern": "/^    updated_at: Mapped[datetime] = mapped_column(DateTime(timezone=True), server_default=func.no/", "language": "Python", "typeref": "typename:Mapped[datetime]", "kind": "variable", "scope": "CartItem", "scopeKind": "class"}, {"_type": "tag", "name": "updated_at", "path": "/home/kavia/workspace/code-generation/unified-shopping-platform-313242-313251/shopping_app_backend/src/api/db/models.py", "pattern": "/^    updated_at: Mapped[datetime] = mapped_column(DateTime(timezone=True), server_default=func.no/", "language": "Python", "typeref": "typename:Mapped[datetime]", "kind": "variable", "scope": "Order", "scopeKind": "class"}, {"_type": "tag", "name": "updated_at", "path": "/home/kavia/workspace/code-generation/unified-shopping-platform-313242-313251/shopping_app_backend/src/api/db/models.py", "pattern": "/^    updated_at: Mapped[datetime] = mapped_column(DateTime(timezone=True), server_default=func.no/", "language": "Python", "typeref": "typename:Mapped[datetime]", "kind": "variable", "scope": "OrderItem", "scopeKind": "class"}, {"_type": "tag", "name": "updated_at", "path": "/home/kavia/workspace/code-generation/unified-shopping-platform-313242-313251/shopping_app_backend/src/api/db/models.py", "pattern": "/^    updated_at: Mapped[datetime] = mapped_column(DateTime(timezone=True), server_default=func.no/", "language": "Python", "typeref": "typename:Mapped[datetime]", "kind": "variable", "scope": "Product", "scopeKind": "class"}, {"_type": "tag", "name": "updated_at", "path": "/home/kavia/workspace/code-generation/unified-shopping-platform-313242-313251/shopping_app_backend/src/api/db/models.py", "pattern": "/^    updated_at: Mapped[datetime] = mapped_column(DateTime(timezone=True), server_default=func.no/", "language": "Python", "typeref": "typename:Mapped[datetime]", "kind": "variable", "scope": "User", "scopeKind": "class"}, {"_type": "tag", "name": "user", "path": "/home/kavia/workspace/code-generation/unified-shopping-platform-313242-313251/shopping_app_backend/src/api/db/models.py", "pattern": "/^    user: Mapped[\"User\"] = relationship(back_populates=\"carts\")$/", "language": "Python", "typeref": "typename:Mapped[\"User\"]", "kind": "variable", "scope": "Cart", "scopeKind": "class"}, {"_type": "tag", "name": "user", "path": "/home/kavia/workspace/code-generation/unified-shopping-platform-313242-313251/shopping_app_backend/src/api/db/models.py", "pattern": "/^    user: Mapped[\"User\"] = relationship(back_populates=\"orders\")$/", "language": "Python", "typeref": "typename:Mapped[\"User\"]", "kind": "variable", "scope": "Order", "scopeKind": "class"}, {"_type": "tag", "name": "user_id", "path": "/home/kavia/workspace/code-generation/unified-shopping-platform-313242-313251/shopping_app_backend/src/api/db/models.py", "pattern": "/^    user_id: Mapped[int] = mapped_column(BigInteger, ForeignKey(\"users.id\", ondelete=\"CASCADE\"),/", "language": "Python", "typeref": "typename:Mapped[int]", "kind": "variable", "scope": "Cart", "scopeKind": "class"}, {"_type": "tag", "name": "user_id", "path": "/home/kavia/workspace/code-generation/unified-shopping-platform-313242-313251/shopping_app_backend/src/api/db/models.py", "pattern": "/^    user_id: Mapped[int] = mapped_column(BigInteger, ForeignKey(\"users.id\", ondelete=\"RESTRICT\")/", "language": "Python", "typeref": "typename:Mapped[int]", "kind": "variable", "scope": "Order", "scopeKind": "class"}], "format": "Python", "hash": "f845cc986dc51ce445fbbeb46484716f", "format-version": 4, "code-base-name": "shopping_app_backend", "filename": "shopping_app_backend/src/api/db/models.py", "knowledge_revision": 12}