{"is_source_file": true, "format": "Python", "description": "This file contains configuration related functions and classes for a backend application, including environment variable parsing, database URL setup, and application settings encapsulation.", "external_files": ["os"], "external_methods": ["os.getenv"], "published": ["get_settings"], "classes": [{"name": "Settings", "description": "Dataclass encapsulating application configuration settings loaded from environment variables."}], "methods": [{"name": "Optional[str] _parse_db_connection_txt_line(line: str)", "description": "Parses a line from db_connection.txt to extract a database URL in SQLAlchemy format.", "scope": "", "scopeKind": ""}, {"name": "str _default_database_url()", "description": "Provides a default local database URL for development.", "scope": "", "scopeKind": ""}, {"name": "Optional[str] _getenv_first(*names: str)", "description": "Returns the first non-empty environment variable value among a list of names.", "scope": "", "scopeKind": ""}, {"name": "Settings get_settings()", "description": "Loads and returns application settings by reading environment variables and applying defaults.", "scope": "", "scopeKind": ""}], "calls": ["os.getenv", "_parse_db_connection_txt_line", "_getenv_first", "_default_database_url"], "search-terms": ["config", "application settings", "database URL parsing", "environment variable loading", "dataclass"], "state": 2, "file_id": 5, "knowledge_revision": 37, "git_revision": "bd09078d52b5c560d8edb9b58b45fcc622f54fb5", "revision_history": [{"20": "2a88f786d2f75b6839b7f0e1bff94eea68e2274f"}, {"34": "d1b0ab206b74a451a6aef7a62b6a6bc13dd1c234"}, {"37": "bd09078d52b5c560d8edb9b58b45fcc622f54fb5"}], "ctags": [{"_type": "tag", "name": "Settings", "path": "/home/kavia/workspace/code-generation/unified-shopping-platform-313242-313251/shopping_app_backend/src/api/core/config.py", "pattern": "/^class Settings:$/", "language": "Python", "kind": "class"}, {"_type": "tag", "name": "_default_database_url", "path": "/home/kavia/workspace/code-generation/unified-shopping-platform-313242-313251/shopping_app_backend/src/api/core/config.py", "pattern": "/^def _default_database_url() -> str:$/", "language": "Python", "typeref": "typename:str", "kind": "function", "signature": "()"}, {"_type": "tag", "name": "_getenv_first", "path": "/home/kavia/workspace/code-generation/unified-shopping-platform-313242-313251/shopping_app_backend/src/api/core/config.py", "pattern": "/^def _getenv_first(*names: str) -> Optional[str]:$/", "language": "Python", "typeref": "typename:Optional[str]", "kind": "function", "signature": "(*names: str)"}, {"_type": "tag", "name": "_parse_db_connection_txt_line", "path": "/home/kavia/workspace/code-generation/unified-shopping-platform-313242-313251/shopping_app_backend/src/api/core/config.py", "pattern": "/^def _parse_db_connection_txt_line(line: str) -> Optional[str]:$/", "language": "Python", "typeref": "typename:Optional[str]", "kind": "function", "signature": "(line: str)"}, {"_type": "tag", "name": "get_settings", "path": "/home/kavia/workspace/code-generation/unified-shopping-platform-313242-313251/shopping_app_backend/src/api/core/config.py", "pattern": "/^def get_settings() -> Settings:$/", "language": "Python", "typeref": "typename:Settings", "kind": "function", "signature": "()"}], "hash": "b9935dc5b8948439d8f45a4aaac0bb8e", "format-version": 4, "code-base-name": "shopping_app_backend", "filename": "shopping_app_backend/src/api/core/config.py"}