{"is_source_file": true, "format": "Python", "description": "This file defines API routes for authentication, including user registration and login, using FastAPI. It handles incoming requests, depends on database session management, and utilizes service functions to process user data and generate JWT tokens.", "external_files": ["src/api/db/session.py", "src/api/schemas.py", "src/api/services.py"], "external_methods": ["get_db", "login_user", "register_user"], "published": [], "classes": [], "methods": [{"name": "TokenResponse register(payload: RegisterRequest, db: Session = Depends(get_db))", "description": "Handles HTTP POST requests to register a new user, creates the user via service function, and returns a JWT token response.", "scope": "", "scopeKind": ""}, {"name": "TokenResponse login(payload: LoginRequest, db: Session = Depends(get_db))", "description": "Handles HTTP POST requests for user login, authenticates via service function, and returns a JWT token response.", "scope": "", "scopeKind": ""}], "calls": ["register_user", "login_user"], "search-terms": ["FastAPI auth routes", "JWT token issuance", "APIRouter", "auth registration", "auth login", "Dependency injection SQLAlchemy"], "state": 2, "file_id": 12, "knowledge_revision": 29, "git_revision": "2a88f786d2f75b6839b7f0e1bff94eea68e2274f", "ctags": [{"_type": "tag", "name": "login", "path": "/home/kavia/workspace/code-generation/unified-shopping-platform-313242-313251/shopping_app_backend/src/api/routers/auth.py", "pattern": "/^def login(payload: LoginRequest, db: Session = Depends(get_db)) -> TokenResponse:$/", "language": "Python", "typeref": "typename:TokenResponse", "kind": "function", "signature": "(payload: LoginRequest, db: Session = Depends(get_db))"}, {"_type": "tag", "name": "register", "path": "/home/kavia/workspace/code-generation/unified-shopping-platform-313242-313251/shopping_app_backend/src/api/routers/auth.py", "pattern": "/^def register(payload: RegisterRequest, db: Session = Depends(get_db)) -> TokenResponse:$/", "language": "Python", "typeref": "typename:TokenResponse", "kind": "function", "signature": "(payload: RegisterRequest, db: Session = Depends(get_db))"}, {"_type": "tag", "name": "router", "path": "/home/kavia/workspace/code-generation/unified-shopping-platform-313242-313251/shopping_app_backend/src/api/routers/auth.py", "pattern": "/^router = APIRouter(prefix=\"\\/auth\", tags=[\"auth\"])$/", "language": "Python", "kind": "variable"}], "hash": "18572ba2511ffabac05aee0ba2b41f44", "format-version": 4, "code-base-name": "shopping_app_backend", "filename": "shopping_app_backend/src/api/routers/auth.py", "fields": [{"name": "router = APIRouter(prefix=\"\\/auth\", tags=[\"auth\"])", "scope": "", "scopeKind": "", "description": "unavailable"}], "revision_history": [{"29": "2a88f786d2f75b6839b7f0e1bff94eea68e2274f"}]}