{"is_source_file": true, "format": "Python", "description": "This file is an __init__.py module in the routers package, importing router instances from submodules such as auth, cart, orders, and products, and defining the __all__ list to specify exported symbols.", "external_files": ["src.api.routers.auth", "src.api.routers.cart", "src.api.routers.orders", "src.api.routers.products"], "external_methods": [], "published": ["auth_router", "products_router", "cart_router", "orders_router"], "classes": [], "methods": [], "calls": ["src.api.routers.auth.router", "src.api.routers.cart.router", "src.api.routers.orders.router", "src.api.routers.products.router"], "search-terms": ["routers", "__init__", "import", "Python", "API routing"], "state": 2, "file_id": 16, "knowledge_revision": 33, "git_revision": "2a88f786d2f75b6839b7f0e1bff94eea68e2274f", "ctags": [{"_type": "tag", "name": "__all__", "path": "/home/kavia/workspace/code-generation/unified-shopping-platform-313242-313251/shopping_app_backend/src/api/routers/__init__.py", "pattern": "/^__all__ = [\"auth_router\", \"products_router\", \"cart_router\", \"orders_router\"]$/", "language": "Python", "kind": "variable"}, {"_type": "tag", "name": "auth_router", "path": "/home/kavia/workspace/code-generation/unified-shopping-platform-313242-313251/shopping_app_backend/src/api/routers/__init__.py", "pattern": "/^from src.api.routers.auth import router as auth_router$/", "language": "Python", "kind": "unknown", "nameref": "unknown:router"}, {"_type": "tag", "name": "cart_router", "path": "/home/kavia/workspace/code-generation/unified-shopping-platform-313242-313251/shopping_app_backend/src/api/routers/__init__.py", "pattern": "/^from src.api.routers.cart import router as cart_router$/", "language": "Python", "kind": "unknown", "nameref": "unknown:router"}, {"_type": "tag", "name": "orders_router", "path": "/home/kavia/workspace/code-generation/unified-shopping-platform-313242-313251/shopping_app_backend/src/api/routers/__init__.py", "pattern": "/^from src.api.routers.orders import router as orders_router$/", "language": "Python", "kind": "unknown", "nameref": "unknown:router"}, {"_type": "tag", "name": "products_router", "path": "/home/kavia/workspace/code-generation/unified-shopping-platform-313242-313251/shopping_app_backend/src/api/routers/__init__.py", "pattern": "/^from src.api.routers.products import router as products_router$/", "language": "Python", "kind": "unknown", "nameref": "unknown:router"}], "hash": "1d167927eb41d4028ab3a0191a80637a", "format-version": 4, "code-base-name": "shopping_app_backend", "filename": "shopping_app_backend/src/api/routers/__init__.py", "fields": [{"name": "__all__ = [\"auth_router\", \"products_router\", \"cart_router\", \"orders_router\"]", "scope": "", "scopeKind": "", "description": "unavailable"}], "revision_history": [{"33": "2a88f786d2f75b6839b7f0e1bff94eea68e2274f"}]}