{"is_source_file": true, "file_id": 8, "git_revision": "", "state": 1, "description": "", "external_files": [], "external_methods": [], "published": [], "classes": [], "methods": [], "calls": [], "search-terms": [], "ctags": [{"_type": "tag", "name": "create_access_token", "path": "/home/kavia/workspace/code-generation/unified-shopping-platform-313242-313251/shopping_app_backend/src/api/core/security.py", "pattern": "/^def create_access_token(*, subject: str, expires_minutes: Optional[int] = None) -> str:$/", "language": "Python", "typeref": "typename:str", "kind": "function", "signature": "(*, subject: str, expires_minutes: Optional[int] = None)"}, {"_type": "tag", "name": "decode_access_token", "path": "/home/kavia/workspace/code-generation/unified-shopping-platform-313242-313251/shopping_app_backend/src/api/core/security.py", "pattern": "/^def decode_access_token(token: str) -> dict[str, Any]:$/", "language": "Python", "typeref": "typename:dict[str,Any]", "kind": "function", "signature": "(token: str)"}, {"_type": "tag", "name": "hash_password", "path": "/home/kavia/workspace/code-generation/unified-shopping-platform-313242-313251/shopping_app_backend/src/api/core/security.py", "pattern": "/^def hash_password(password: str) -> str:$/", "language": "Python", "typeref": "typename:str", "kind": "function", "signature": "(password: str)"}, {"_type": "tag", "name": "pwd_context", "path": "/home/kavia/workspace/code-generation/unified-shopping-platform-313242-313251/shopping_app_backend/src/api/core/security.py", "pattern": "/^pwd_context = CryptContext(schemes=[\"bcrypt\"], deprecated=\"auto\")$/", "language": "Python", "kind": "variable"}, {"_type": "tag", "name": "verify_password", "path": "/home/kavia/workspace/code-generation/unified-shopping-platform-313242-313251/shopping_app_backend/src/api/core/security.py", "pattern": "/^def verify_password(plain_password: str, password_hash: str) -> bool:$/", "language": "Python", "typeref": "typename:bool", "kind": "function", "signature": "(plain_password: str, password_hash: str)"}], "format": "Python", "hash": "09dc246c926fef277d651dcfbf8f8572", "format-version": 4, "code-base-name": "shopping_app_backend", "filename": "shopping_app_backend/src/api/core/security.py", "knowledge_revision": 13}