{"is_source_file": true, "format": "Python", "description": "This file sets up a database session using SQLAlchemy with a connection derived from application settings. It provides a dependency function 'get_db' for FastAPI to manage database sessions per request.", "external_files": ["src/api/core/config.py"], "external_methods": ["get_settings"], "published": ["get_db"], "classes": [], "methods": ["get_db"], "calls": ["SessionLocal()", "db.close()"], "search-terms": ["SQLAlchemy session", "get_db", "FastAPI dependency", "database connection"], "state": 2, "file_id": 6, "knowledge_revision": 11, "git_revision": "", "ctags": [{"_type": "tag", "name": "SessionLocal", "path": "/home/kavia/workspace/code-generation/unified-shopping-platform-313242-313251/shopping_app_backend/src/api/db/session.py", "pattern": "/^SessionLocal = sessionmaker(bind=engine, autoflush=False, autocommit=False)$/", "language": "Python", "kind": "variable"}, {"_type": "tag", "name": "engine", "path": "/home/kavia/workspace/code-generation/unified-shopping-platform-313242-313251/shopping_app_backend/src/api/db/session.py", "pattern": "/^engine = create_engine(settings.database_url, pool_pre_ping=True)$/", "language": "Python", "kind": "variable"}, {"_type": "tag", "name": "get_db", "path": "/home/kavia/workspace/code-generation/unified-shopping-platform-313242-313251/shopping_app_backend/src/api/db/session.py", "pattern": "/^def get_db():$/", "language": "Python", "kind": "function", "signature": "()"}, {"_type": "tag", "name": "settings", "path": "/home/kavia/workspace/code-generation/unified-shopping-platform-313242-313251/shopping_app_backend/src/api/db/session.py", "pattern": "/^settings = get_settings()$/", "language": "Python", "kind": "variable"}], "hash": "528d8225e15c232a1d5ab2ae3b81c274", "format-version": 4, "code-base-name": "shopping_app_backend", "filename": "shopping_app_backend/src/api/db/session.py", "fields": [{"name": "SessionLocal = sessionmaker(bind=engine, autoflush=False, autocommit=False)", "scope": "", "scopeKind": "", "description": "unavailable"}, {"name": "engine = create_engine(settings.database_url, pool_pre_ping=True)", "scope": "", "scopeKind": "", "description": "unavailable"}]}