{"is_source_file": true, "format": "Python", "description": "This file defines API endpoints for managing shopping cart operations within a web application. It uses FastAPI to create routes for retrieving, adding/upserting, removing, and clearing cart items, interacting with database models and services.", "external_files": ["src/api/db/models", "src/api/db/session", "src/api/deps", "src/api/schemas", "src/api/services"], "external_methods": ["get_db", "get_current_user", "get_cart", "upsert_cart_item", "remove_cart_item", "clear_cart"], "published": ["cart_get", "cart_upsert_item", "cart_remove_item", "cart_clear"], "classes": [], "methods": [{"name": "CartResponse _cart_to_response(cart: Cart)", "description": "Converts a Cart database model instance into a CartResponse schema, calculating subtotal and preparing item data.", "scope": "", "scopeKind": ""}, {"name": "CartResponse cart_get(db: Session = Depends(get_db), user=Depends(get_current_user))", "description": "Endpoint to retrieve the current user's active cart.", "scope": "", "scopeKind": ""}, {"name": "CartResponse cart_upsert_item(payload: CartItemUpsertRequest, db: Session = Depends(get_db), user=Depends(get_current_user))", "description": "Endpoint to add or update an item in the cart.", "scope": "", "scopeKind": ""}, {"name": "CartResponse cart_remove_item(cart_item_id: int, db: Session = Depends(get_db), user=Depends(get_current_user))", "description": "Endpoint to remove a specific item from the cart.", "scope": "", "scopeKind": ""}, {"name": "CartResponse cart_clear(db: Session = Depends(get_db), user=Depends(get_current_user))", "description": "Endpoint to clear all items from the cart.", "scope": "", "scopeKind": ""}], "calls": ["get_cart", "upsert_cart_item", "remove_cart_item", "clear_cart", "_cart_to_response"], "search-terms": ["API router", "shopping cart endpoints", "cart management", "FastAPI", "cart item upsert", "cart item removal", "cart schema", "cart conversion"], "state": 2, "file_id": 14, "knowledge_revision": 31, "git_revision": "2a88f786d2f75b6839b7f0e1bff94eea68e2274f", "ctags": [{"_type": "tag", "name": "_cart_to_response", "path": "/home/kavia/workspace/code-generation/unified-shopping-platform-313242-313251/shopping_app_backend/src/api/routers/cart.py", "pattern": "/^def _cart_to_response(cart: Cart) -> CartResponse:$/", "language": "Python", "typeref": "typename:CartResponse", "kind": "function", "signature": "(cart: Cart)"}, {"_type": "tag", "name": "cart_clear", "path": "/home/kavia/workspace/code-generation/unified-shopping-platform-313242-313251/shopping_app_backend/src/api/routers/cart.py", "pattern": "/^def cart_clear(db: Session = Depends(get_db), user=Depends(get_current_user)) -> CartResponse:$/", "language": "Python", "typeref": "typename:CartResponse", "kind": "function", "signature": "(db: Session = Depends(get_db), user=Depends(get_current_user))"}, {"_type": "tag", "name": "cart_get", "path": "/home/kavia/workspace/code-generation/unified-shopping-platform-313242-313251/shopping_app_backend/src/api/routers/cart.py", "pattern": "/^def cart_get(db: Session = Depends(get_db), user=Depends(get_current_user)) -> CartResponse:$/", "language": "Python", "typeref": "typename:CartResponse", "kind": "function", "signature": "(db: Session = Depends(get_db), user=Depends(get_current_user))"}, {"_type": "tag", "name": "cart_remove_item", "path": "/home/kavia/workspace/code-generation/unified-shopping-platform-313242-313251/shopping_app_backend/src/api/routers/cart.py", "pattern": "/^def cart_remove_item(cart_item_id: int, db: Session = Depends(get_db), user=Depends(get_current_/", "language": "Python", "typeref": "typename:CartResponse", "kind": "function", "signature": "(cart_item_id: int, db: Session = Depends(get_db), user=Depends(get_current_user))"}, {"_type": "tag", "name": "cart_upsert_item", "path": "/home/kavia/workspace/code-generation/unified-shopping-platform-313242-313251/shopping_app_backend/src/api/routers/cart.py", "pattern": "/^def cart_upsert_item(payload: CartItemUpsertRequest, db: Session = Depends(get_db), user=Depends/", "language": "Python", "typeref": "typename:CartResponse", "kind": "function", "signature": "(payload: CartItemUpsertRequest, db: Session = Depends(get_db), user=Depends(get_current_user))"}, {"_type": "tag", "name": "router", "path": "/home/kavia/workspace/code-generation/unified-shopping-platform-313242-313251/shopping_app_backend/src/api/routers/cart.py", "pattern": "/^router = APIRouter(prefix=\"\\/cart\", tags=[\"cart\"])$/", "language": "Python", "kind": "variable"}], "hash": "c2344f011fa664d316d67147a1e1043f", "format-version": 4, "code-base-name": "shopping_app_backend", "filename": "shopping_app_backend/src/api/routers/cart.py", "fields": [{"name": "router = APIRouter(prefix=\"\\/cart\", tags=[\"cart\"])", "scope": "", "scopeKind": "", "description": "unavailable"}], "revision_history": [{"31": "2a88f786d2f75b6839b7f0e1bff94eea68e2274f"}]}