{"is_source_file": true, "format": "Python", "description": "This file is a configuration module for a backend application, containing functions and classes to parse environment variables, handle database connection strings, and provide application settings based on environment variables.", "external_files": ["os"], "external_methods": ["os.getenv"], "published": ["get_settings", "Settings"], "classes": [{"name": "Settings", "description": "A dataclass representing application configuration settings loaded from environment variables."}], "methods": [{"name": "Optional[str] _parse_db_connection_txt_line(line: str)", "description": "Parses a database connection string line in a specific format to a SQLAlchemy-compatible URL.", "scope": "", "scopeKind": ""}, {"name": "str _default_database_url()", "description": "Provides a default database URL for development based on a standard connection string.", "scope": "", "scopeKind": ""}, {"name": "Optional[str] _getenv_first(*names: str)", "description": "Returns the first non-empty environment variable value among provided names.", "scope": "", "scopeKind": ""}, {"name": "Settings get_settings()", "description": "Loads and returns application settings from environment variables, parsing database connection info, security keys, and URLs.", "scope": "", "scopeKind": ""}], "calls": ["os.getenv", "_parse_db_connection_txt_line", "_getenv_first"], "search-terms": ["settings", "environment variables", "database connection", "config class", "application configuration", "parse database string"], "state": 2, "file_id": 5, "knowledge_revision": 34, "git_revision": "d1b0ab206b74a451a6aef7a62b6a6bc13dd1c234", "revision_history": [{"20": "2a88f786d2f75b6839b7f0e1bff94eea68e2274f"}, {"34": "d1b0ab206b74a451a6aef7a62b6a6bc13dd1c234"}], "ctags": [{"_type": "tag", "name": "Settings", "path": "/home/kavia/workspace/code-generation/unified-shopping-platform-313242-313251/shopping_app_backend/src/api/core/config.py", "pattern": "/^class Settings:$/", "language": "Python", "kind": "class"}, {"_type": "tag", "name": "_default_database_url", "path": "/home/kavia/workspace/code-generation/unified-shopping-platform-313242-313251/shopping_app_backend/src/api/core/config.py", "pattern": "/^def _default_database_url() -> str:$/", "language": "Python", "typeref": "typename:str", "kind": "function", "signature": "()"}, {"_type": "tag", "name": "_getenv_first", "path": "/home/kavia/workspace/code-generation/unified-shopping-platform-313242-313251/shopping_app_backend/src/api/core/config.py", "pattern": "/^def _getenv_first(*names: str) -> Optional[str]:$/", "language": "Python", "typeref": "typename:Optional[str]", "kind": "function", "signature": "(*names: str)"}, {"_type": "tag", "name": "_parse_db_connection_txt_line", "path": "/home/kavia/workspace/code-generation/unified-shopping-platform-313242-313251/shopping_app_backend/src/api/core/config.py", "pattern": "/^def _parse_db_connection_txt_line(line: str) -> Optional[str]:$/", "language": "Python", "typeref": "typename:Optional[str]", "kind": "function", "signature": "(line: str)"}, {"_type": "tag", "name": "get_settings", "path": "/home/kavia/workspace/code-generation/unified-shopping-platform-313242-313251/shopping_app_backend/src/api/core/config.py", "pattern": "/^def get_settings() -> Settings:$/", "language": "Python", "typeref": "typename:Settings", "kind": "function", "signature": "()"}], "hash": "f627015215bad05de6f45a07fc792944", "format-version": 4, "code-base-name": "shopping_app_backend", "filename": "shopping_app_backend/src/api/core/config.py"}