{"is_source_file": true, "format": "Python", "description": "This file provides security-related functions for user authentication, including password hashing, password verification, and JWT token creation and decoding. It is part of an API core security module for a shopping platform backend.", "external_files": ["src.api.core.config"], "external_methods": ["src.api.core.config.get_settings"], "published": ["hash_password", "verify_password", "create_access_token", "decode_access_token"], "classes": [], "methods": [{"name": "str hash_password(password: str)", "description": "Hashes a plaintext password using bcrypt via passlib's CryptContext.", "scope": "", "scopeKind": ""}, {"name": "bool verify_password(plain_password: str, password_hash: str)", "description": "Verifies that a plaintext password matches the stored hash.", "scope": "", "scopeKind": ""}, {"name": "str create_access_token(*, subject: str, expires_minutes: Optional[int] = None)", "description": "Creates a signed JWT token with a subject claim and expiration time.", "scope": "", "scopeKind": ""}, {"name": "dict[str,Any] decode_access_token(token: str)", "description": "Decodes and validates a JWT token, raising exceptions if invalid.", "scope": "", "scopeKind": ""}], "calls": ["get_settings", "jwt.encode", "jwt.decode"], "search-terms": ["security", "JWT", "password hash", "access token", "token creation", "JWT decode", "passlib", "bcrypt"], "state": 2, "file_id": 8, "knowledge_revision": 25, "git_revision": "2a88f786d2f75b6839b7f0e1bff94eea68e2274f", "ctags": [{"_type": "tag", "name": "create_access_token", "path": "/home/kavia/workspace/code-generation/unified-shopping-platform-313242-313251/shopping_app_backend/src/api/core/security.py", "pattern": "/^def create_access_token(*, subject: str, expires_minutes: Optional[int] = None) -> str:$/", "language": "Python", "typeref": "typename:str", "kind": "function", "signature": "(*, subject: str, expires_minutes: Optional[int] = None)"}, {"_type": "tag", "name": "decode_access_token", "path": "/home/kavia/workspace/code-generation/unified-shopping-platform-313242-313251/shopping_app_backend/src/api/core/security.py", "pattern": "/^def decode_access_token(token: str) -> dict[str, Any]:$/", "language": "Python", "typeref": "typename:dict[str,Any]", "kind": "function", "signature": "(token: str)"}, {"_type": "tag", "name": "hash_password", "path": "/home/kavia/workspace/code-generation/unified-shopping-platform-313242-313251/shopping_app_backend/src/api/core/security.py", "pattern": "/^def hash_password(password: str) -> str:$/", "language": "Python", "typeref": "typename:str", "kind": "function", "signature": "(password: str)"}, {"_type": "tag", "name": "pwd_context", "path": "/home/kavia/workspace/code-generation/unified-shopping-platform-313242-313251/shopping_app_backend/src/api/core/security.py", "pattern": "/^pwd_context = CryptContext(schemes=[\"bcrypt\"], deprecated=\"auto\")$/", "language": "Python", "kind": "variable"}, {"_type": "tag", "name": "verify_password", "path": "/home/kavia/workspace/code-generation/unified-shopping-platform-313242-313251/shopping_app_backend/src/api/core/security.py", "pattern": "/^def verify_password(plain_password: str, password_hash: str) -> bool:$/", "language": "Python", "typeref": "typename:bool", "kind": "function", "signature": "(plain_password: str, password_hash: str)"}], "hash": "09dc246c926fef277d651dcfbf8f8572", "format-version": 4, "code-base-name": "shopping_app_backend", "filename": "shopping_app_backend/src/api/core/security.py", "fields": [{"name": "pwd_context = CryptContext(schemes=[\"bcrypt\"], deprecated=\"auto\")", "scope": "", "scopeKind": "", "description": "unavailable"}], "revision_history": [{"25": "2a88f786d2f75b6839b7f0e1bff94eea68e2274f"}]}