{"is_source_file": true, "file_id": 13, "git_revision": "", "state": 1, "description": "", "external_files": [], "external_methods": [], "published": [], "classes": [], "methods": [], "calls": [], "search-terms": [], "ctags": [{"_type": "tag", "name": "products_detail", "path": "/home/kavia/workspace/code-generation/unified-shopping-platform-313242-313251/shopping_app_backend/src/api/routers/products.py", "pattern": "/^def products_detail(product_id: int, db: Session = Depends(get_db)) -> ProductResponse:$/", "language": "Python", "typeref": "typename:ProductResponse", "kind": "function", "signature": "(product_id: int, db: Session = Depends(get_db))"}, {"_type": "tag", "name": "products_list", "path": "/home/kavia/workspace/code-generation/unified-shopping-platform-313242-313251/shopping_app_backend/src/api/routers/products.py", "pattern": "/^def products_list(db: Session = Depends(get_db)) -> list[ProductResponse]:$/", "language": "Python", "typeref": "typename:list[ProductResponse]", "kind": "function", "signature": "(db: Session = Depends(get_db))"}, {"_type": "tag", "name": "router", "path": "/home/kavia/workspace/code-generation/unified-shopping-platform-313242-313251/shopping_app_backend/src/api/routers/products.py", "pattern": "/^router = APIRouter(prefix=\"\\/products\", tags=[\"products\"])$/", "language": "Python", "kind": "variable"}], "format": "Python", "hash": "a9e2bd7cfd458ca09307f14dc445145f", "format-version": 4, "code-base-name": "shopping_app_backend", "filename": "shopping_app_backend/src/api/routers/products.py", "knowledge_revision": 18}