{"is_source_file": true, "format": "Python", "description": "This file defines a dependency function 'get_current_user' for FastAPI that retrieves the currently authenticated user based on Bearer JWT token, handling token decoding, validation, and user lookup in the database.", "external_files": ["src.api.core.security", "src.api.db.models", "src.api.db.session"], "external_methods": ["decode_access_token", "get_db", "User"], "published": ["get_current_user"], "classes": [{"name": "User", "description": "Database model representing a user in the system."}], "methods": [{"name": "User get_current_user( creds: HTTPAuthorizationCredentials = Depends(bearer_scheme), db: Session = Depends(get_db), )", "description": "FastAPI dependency that retrieves the authenticated user from the JWT token present in the request headers.", "scope": "", "scopeKind": ""}], "calls": ["Depends", "HTTPException", "decode_access_token", "db.get"], "search-terms": ["FastAPI user dependency", "JWT token validation", "get_current_user", "auth security", "Depends", "HTTPBearer"], "state": 2, "file_id": 10, "knowledge_revision": 27, "git_revision": "2a88f786d2f75b6839b7f0e1bff94eea68e2274f", "ctags": [{"_type": "tag", "name": "bearer_scheme", "path": "/home/kavia/workspace/code-generation/unified-shopping-platform-313242-313251/shopping_app_backend/src/api/deps.py", "pattern": "/^bearer_scheme = HTTPBearer(auto_error=False)$/", "language": "Python", "kind": "variable"}, {"_type": "tag", "name": "get_current_user", "path": "/home/kavia/workspace/code-generation/unified-shopping-platform-313242-313251/shopping_app_backend/src/api/deps.py", "pattern": "/^def get_current_user($/", "language": "Python", "typeref": "typename:User", "kind": "function", "signature": "( creds: HTTPAuthorizationCredentials = Depends(bearer_scheme), db: Session = Depends(get_db), )"}], "hash": "4dbcffbc794713917acf5e21529797da", "format-version": 4, "code-base-name": "shopping_app_backend", "filename": "shopping_app_backend/src/api/deps.py", "fields": [{"name": "bearer_scheme = HTTPBearer(auto_error=False)", "scope": "", "scopeKind": "", "description": "unavailable"}], "revision_history": [{"27": "2a88f786d2f75b6839b7f0e1bff94eea68e2274f"}]}