{"is_source_file": true, "file_id": 14, "git_revision": "", "state": 1, "description": "", "external_files": [], "external_methods": [], "published": [], "classes": [], "methods": [], "calls": [], "search-terms": [], "ctags": [{"_type": "tag", "name": "_cart_to_response", "path": "/home/kavia/workspace/code-generation/unified-shopping-platform-313242-313251/shopping_app_backend/src/api/routers/cart.py", "pattern": "/^def _cart_to_response(cart: Cart) -> CartResponse:$/", "language": "Python", "typeref": "typename:CartResponse", "kind": "function", "signature": "(cart: Cart)"}, {"_type": "tag", "name": "cart_clear", "path": "/home/kavia/workspace/code-generation/unified-shopping-platform-313242-313251/shopping_app_backend/src/api/routers/cart.py", "pattern": "/^def cart_clear(db: Session = Depends(get_db), user=Depends(get_current_user)) -> CartResponse:$/", "language": "Python", "typeref": "typename:CartResponse", "kind": "function", "signature": "(db: Session = Depends(get_db), user=Depends(get_current_user))"}, {"_type": "tag", "name": "cart_get", "path": "/home/kavia/workspace/code-generation/unified-shopping-platform-313242-313251/shopping_app_backend/src/api/routers/cart.py", "pattern": "/^def cart_get(db: Session = Depends(get_db), user=Depends(get_current_user)) -> CartResponse:$/", "language": "Python", "typeref": "typename:CartResponse", "kind": "function", "signature": "(db: Session = Depends(get_db), user=Depends(get_current_user))"}, {"_type": "tag", "name": "cart_remove_item", "path": "/home/kavia/workspace/code-generation/unified-shopping-platform-313242-313251/shopping_app_backend/src/api/routers/cart.py", "pattern": "/^def cart_remove_item(cart_item_id: int, db: Session = Depends(get_db), user=Depends(get_current_/", "language": "Python", "typeref": "typename:CartResponse", "kind": "function", "signature": "(cart_item_id: int, db: Session = Depends(get_db), user=Depends(get_current_user))"}, {"_type": "tag", "name": "cart_upsert_item", "path": "/home/kavia/workspace/code-generation/unified-shopping-platform-313242-313251/shopping_app_backend/src/api/routers/cart.py", "pattern": "/^def cart_upsert_item(payload: CartItemUpsertRequest, db: Session = Depends(get_db), user=Depends/", "language": "Python", "typeref": "typename:CartResponse", "kind": "function", "signature": "(payload: CartItemUpsertRequest, db: Session = Depends(get_db), user=Depends(get_current_user))"}, {"_type": "tag", "name": "router", "path": "/home/kavia/workspace/code-generation/unified-shopping-platform-313242-313251/shopping_app_backend/src/api/routers/cart.py", "pattern": "/^router = APIRouter(prefix=\"\\/cart\", tags=[\"cart\"])$/", "language": "Python", "kind": "variable"}], "format": "Python", "hash": "6a8bec0ec2a7bb60a64c1b1a7e012768", "format-version": 4, "code-base-name": "shopping_app_backend", "filename": "shopping_app_backend/src/api/routers/cart.py", "knowledge_revision": 19}